05ef0834a7b376b980ca0181725d8c93eaf6aea4	1634689169	2	Nanotale_Typing_Chronicles_v1.0b
0ce23945b257c5aee8e2fc0fe3640d0b538ce053	13866658	3	IcoFX 3.5.1 RePack & Portable by KpoJIuK__SoftPilot.win
0cbe8df5c6cbb0da8ccebf31d4c4672dd8acac64	8017435686	7	루나 네라 Luna.Nera.S01.1080p.NF.WEBRip.DDP5.1.x264-LeON
0e54a037a18b0860e216f4ff1b63495d6fc4d4bf	325469772	36	Ghosts of Greywoods (Призраки Грейвудс)
1999b6175beaecf99e75d2c22c857c1b460c8bb1	1265686014	4	Mechanical.Marvels.Clockwork.Dreams.2013.1080p.WEBRip.x264-RARBG
1ceeb6a327a87cd970ec95321d11c2c5f88fbf81	290415744	1	WANZ-626
1c6ec7821839d36ae45ca153a3ebea3b002921ff	273052216	1	bban-310.mp4
278d7da15a8bd5385a1df0778170d3a578c17630	69353709	8	2020 - ssSHhh - ssSHhh (EP)
2ebd0f3b728d61b113d0c3a6b6d05ed67bfcf81a	220363502	3	Twitter新晋露出萝莉少女一颗小草莓,超市餐厅露奶,啪啪口交洗澡自拍
36d89a69f2a40aebd8bccf3207aa8f2658dbf6b6	72806538	1	03.zip
3826fd7b18164bb85327653d919f316743b13790	302328191	1	MDTM-320
39883e2e2b98b57af0a6b843f99bdaeb1279ee1b	271323139	15	Ravel - Voyageur - Milstein (2019)
3b71d47b4217ca3f2e02d0a42c778fcf4f3d3f7f	830518102	4	Going.Places.With.Ernie.Dingo.S04E05.1080p.HDTV.H264-CBFM[rarbg]
4073a68e0557e742f79c628c049b7d81201d2bde	954462925	1	www.TamilBlasters.pl - Nanna Guri Warrant (2021) [Kannada - 720p HQ-PreDVDRip- x264 - AAC - 900MB - HQ Line Audio].mkv
45b245b611492f8bfe373598c050789a1a4119a5	2147225398	1	01.zip
4ae55379f6e0c5eab7d955c9e676a020cd67eed6	1847456770	4	8.Mile.2002.1080p.BluRay.x265-RARBG
5252bf39a50b270330034862da533d2871f9cf2c	1272581638	1	17.zip
5487773ca1f329d6cf3b2e4fc623472663774e92	10886565682	11	3DMGAME-Skullgirls.2nd.Encore.Annie.Early.Access-P2P
547b8076cdf6e387b15db9b94cfc915ba79a13f6	178642825	1	gvg-480.mp4
5539256377453abfdc2c7fe2fecbc056c040acf6	903446931	25	lz1972-10-09Osaka_LiveInJapan1972(LSD)
5833df296cdb711df1e1959d466027bb71e44bb6	425255598	1	02.zip
5e3ed20856b1142357fb180f1e87cfc38834854c	183211303	1	ARM-842
6048ed654205072dfdc17a4bb8aa7fb8a8f6e140	5941253631	1	VivThomas.16.05.09.Anissa.Kate.And.Ena.Sweet.Idealize.XXX.2160p.MP4-KTR
61c0a59e62cd3c591f8d7aed48e9dca22bc0d130	132897236	21	147 1999 Charlie Parker - Cool Blues 1947 (Jazz Archives) {Epm} [WEB]
622cb1e9872d1a894e6cfddd29fabb18aad555ae	683030680	2	2015年高分剧情《旅程终点》BD中英双字幕
690467bed685c44c86a8e144a2ce452768e14e55	2012522775	7	Renee Rose, Vanessa Vale - Wolf Ranch Series [Books 1-6, 5.5]
6a2a3e2751d4705ae5ae6779b81afd68e8405284	104682251	12	Averah - Trials (2016)
7068503aac031a4091c4210f092002c7dd378725	178642825	1	JUX-623-C
70e6ceb805a2e49a3870a01560ff441ba5677cfd	1019822278	15	Pink Floyd - Greatest Hits (2009) Flac
74219bef981792dd0f1564b1fd5620a0e358e7e6	149946	1	the suicide squad 2021 - Downloader.dmg
77170435935d0ee7b7433ed78d2dbc03edbad67b	1296885927	3	Shooter.S01E02.1080p.WEB.x264-HEAT[rarbg]
7bf47ac36f1d32a1f3f2a81f585bc06dbe1f819e	302328191	1	jux-240
7b0422556614a512ae611411bed22b06b418d4cf	118821998	3	Movavi Photo Editor 6.7.1 Rus Repack
7d42db6bc575353d9374e5367c02898b6a36808f	33531993	1	10.zip
7ee8b809661e3615f0658035f3616dbaa6599576	4685423335	14	Evil Angel - Anita Pearl Is Fresh On Cock [DVD-R] by Tiger1969
7f13a8efd0f653454f2424b92fa7a36b475a47f1	639025548	11	644
804ff0e1aafdee7dc9fdd7e30d1af00589146549	273052216	1	cesd-686.mp4
82d808cbc0db110edc285f2d941bd5a341bcbf29	3008204246	1	横扫东南亚女神杀手【神秘探花李八八】极品身材黑丝高跟美模沉沦胯下 逼紧人骚叫床嗓子叫哑了 高清源码录制
84d0b403869d1ac80c643afd6e827a59a99d3ed4	3930317098	5	84 Roxy
86c0bdc2ca1eb8250a5d368066dcad2f7d4c63ef	613304978	1	Badehotellet.S07E04
8e3dbfc9ae3658d7f2c5f81e0009302a565afec3	1168643927	4	Enigma.Man.A.Stone.Age.Mystery.2014.1080p.WEBRip.x264-RARBG
92b8a6645caf8d07df3211b4c0eb3f9fa429f9f8	350330684	4	FB2Daily
9657ab4edd17306b4970e443aa384418e7f4c687	724353760	18	duo2005-03-25.flac16
9cba700234361f6b385f1613d55c63e864a8320a	407110212	4	Sex w ZSRR
9cdec649ad23fa304d17e706271ad91851f89054	6720163	4	Willer_Khale-Wastin_My_Time-(CAT468156)-SINGLE-WEB-2021-KNOWN
9e789c505c7c01ff130363ddf6f7285eb8de098c	276623061	1	ADN-155-C
a5768b33bc45d62de7607a54092f3f448641bb75	183211303	1	FSDSS-157
a75314bbe38109a2e83619085bc8313da56286e1	1485823548	4	Sonsational.2021.1080p.WEBRip.x265-RARBG
a879d56befd894fb70ac4ae99b1b4ca9ccfd9d62	5508692653	26	D.N.Angel (DVD 480p AAC)
ab82fa26543546b42ab0fdf9e6dba0b95440983f	2393329018	1	01.zip
af0d0f260c59a0d09f827cc16cabc70f53f0e28b	281266067	1	19.zip
b5bbcc73478799726931b2bc9aea5afcca7f3868	2273001821	5	Kong La Isla Calavera 2017 BDrip XviD Castellano www.yadixv.com
b9e6ec722e19274c43b7cebaa8c1fd7da1a3a27d	129268244	14	Invade - Reflection (2014)
bb35f81868b8cecd71e5ce578bf1f90def2c388f	818206690	1	09.zip
c06e353d10e8d6d1900fd9329325e1ec5ce172c9	195728170	5	Superman.and.Lois.S01E01.480p.x264-mSD
c4cab98a91893ca729d8d6ae22bb101b022b4873	6761346242	2	Knife.Under.the.Throat.1986.FRENCH.1080p.BluRay.x264.FLAC2.0-SB
c9fcdc6841d019f8d329af65fda8c2605ebe5bc0	199946392	1	Decks_and_Daggers_v02.04.2021
cc203d64151ef2984f5d9a3645d74c024764332c	142169470	6	May Vol 1 2010
cd837afc2fae6b9b5602c3e4547b47da73795385	701801992	10	BFFS - Ashley Lane, Gracie May Green, Layla Love - Hoe Down
cdcc40d0ba98002ac043de7ab3d9b63e803bc989	1901373127	8	Liar-soft.050218.Seven-Bridge.セブンブリッジ
ce60c229ab24e97f01b37574ec169a573f55d83d	682732748	1	05.zip
d6fd0e8cfb688deb978547b4d03241fc8fafda49	7180004	22	(CT26) [Diogenes Club (Haikawa Hemlen)] BRICOLA 6 (Bleach) [Chinese] [零星汉化组]
d9316e1ceda28bd1f0f68b084f4279abade2d5cf	321688750	25	VA-Trance Miami Party 2021-(DV032)-WEB-2021
da6c4dea58e82f74dba3788f20763f243e46ccca	1259967259	1	Aly_alyce 2021-03-19
df0d2a5ead56fed63c722fc21a326494a1133b0d	285182440	1	EKDV-394-C
df5a22d84136ac9dd7e10e3b04c3e42c4d6739a1	1971151093	40	VR-NUDIZM-1112
e17e469a70ab674908cfc1448cd9d2adcfa7486c	292979790	26	VA - Slow Sunset Vol 1 (Amazing Chill out Anthems) (2021)
e2b0120d2c375ebdf700171fc15c2173f0738198	338476102	2	Decadent 3 Ways scene 2 - Ariana Jollee [.mp4]
f21b2b4c569b5325dafdc2de9c4c67386bfd598f	419172596	16	Cutthroat Conspiracy - The Trials of Self (2021) [STREAM]
f2e0bf36f0a735dcf548fbb64a04a61c941530dd	183211303	1	miaa-313
f54493a7977887779e78eb48790bf773ff58442f	1662256178	1	www.TamilBlasters.pl - Mandela (2021) [Tamil - 720p HQ HDTvRip - x264 - MP3 - 1.5GB].mkv
f5c42e035ddd93240bc992687b2fd6d1a466882f	1015014335	4	She Wore A Yellow Ribbon (Wes 1949) J Wayne 720p BrRip
f6a544c81b95942c647caeef61fb657bc3d74e0d	255816937	1	14.zip
fa27a8bcd330db00cefac3a7e6b3b50466b555c7	1913819	22	【プリコネR】ミサキのエロ画像【プリンセスコネクト!ReDive】
fc8c8d466b0663c16c2404984987855845b9c029	562166412	1	16.zip
