065a01643b02b6f1a115b8404843739157609f61	3627078787	36	MUDR-145.HD
061efbfc295976f8ec06728a46644190937e5da1	11914016	1	【精选360】蚊帐房精选3集 超好身材的一个美女
07815640afc15c2377a66e73c87a6527cd52aab0	23139943	1	大眼睛美少女新主播，初次开播，害羞的露出小骚逼，每张几根毛
08b9fc92c9c0e9d7b0efca1f9fb275ace20240c4	169408660	1	PPPD-116-C
0904e2a93b6292e2752e71074ad793843b28f6b1	131269692	1	最新极品爆乳女神私人玩物之美学的视觉盛宴 极品翘挺爆乳 摸乳插粉穴 高清私拍46P 高清960P无水印原版
172744c515e7f10e0aa1ba7e13772dc4651ac30f	63367844	1	最新流出推特红人骚女留学生刘玥收费版 巴黎3P高清版1080P
17bca061ad3f86569aad095ac84bc7cbcc2c8c66	3667168743	36	MUKC-016.HD
194691996784861cc71efe6ab062202c7224f245	35659736	1	棚户区站街女卖淫暗拍矮个小伙想观摩一下大姐被草过的逼大姐貌似很抗拒的躲避
1b092dc3c61beec78e3e42a5d6aa0f4e66d34540	3375376124	36	MEYD-664.HD
1ea46d30372365bb32eab0e31ea71eb2b282b26d	66292525	1	闷骚的眼镜师姐调教成肉便器 这骚货带着眼镜真是风骚被操的情不自禁的呻吟
1f6f64a78fdabc12ea4153475c0d03d58cc27a46	4209851236	36	FSDSS-206.HD
20fc7b499cdbb35b84826b72d0284fbbf4248f35	175150837	1	RBD-627
225cdb9c256ada0d64037f2391399483e725b3f0	44276515	1	粉乳粉穴的妹子边看A片边自慰
29cba7ceb87bc157063ac30534fa6c7341d015d9	29931304	1	热巴女神的完美诱惑，这颜值谁不想搞一下，大奶子翘臀火辣热舞你看了能不硬吗，身材高挑披肩长发心中的女神
3237577d56da9385651ad7fde9292e29999160f8	61916455	1	可爱校服女孩宾馆露脸，比我还开放，虽然她不是处女，但是相当的紧，而且很会照顾我的感受。
37c8013d94dcced71e413c02640c3b17520a4736	128818978	7	[Audio-4U] WORKING!! OPED - SOMEONE ELSE ｜ ハートのエッジに挑もう Go to Heart Edge [ANZB-9651] (flac+cue+jpg)
37b8ec214476c3e078e0c9a6d1f82a5240eaedc1	3340174694	36	MEYD-669.HD
38c937ea328da9956d55f8e8da52ece3f7e74e28	192384293	1	最新购买JVID精品短发性感【酸猫女孩】四点全露X视频自摸流白浆-附原版套图56P+视频1V
3ea994e2bd61a373071de132a0dfc7362dc1731b	4434664448	36	JUFE-279.HD
4061aa646cb782346dd0730fad7f5680db4310ce	183211303	1	JUX-274-HD
4258dc1d06f7b72dabb071de2e86f20a8deb5929	3399052631	36	MEYD-670.HD
437e45d86350c692f2e27ff2c5338eeecbd42a6b	47704259	1	超近距离无套后入操骚货水流不止
46b435c1f8874fc635ea551fd08555124ae7297f	53564984	1	宾馆偷情身材不错的骚货小秘书续集，多体位、各种姿势插入小骚逼，插入特写，浪叫好听，操的浑身发抖
4f3b348fbf55ae3d8026483a05d61b2ccebb71c4	175150837	1	SNIS-498-HD
5147fe80c83c9638cb8f80dcabfa603b835f2fbd	116159819	3	Tosh.0.S07E20.HDTV.x264-aAF[rarbg]
52a82ce25268337f29a3e76b774916ef7a3bb913	49096292	1	翁美女被强奸搞穴刺激作品《挡不住的风情高清修复版》字幕佳作 妹子乳房挺翘身材表情销魂插入挡不住要硬
540818ed31cafa2b5df256e637b8ba06b7741de0	18810887	1	中年夫妻简单粗暴客厅掀起睡衣就干 感觉来了管不了那么多了
6155f67dc194bc98b5467b0a5ffedd7fa73b358a	41001921	1	【高质量国产精品】《江苏极品身材白嫩少妇与人开房自拍视频流出，54分钟高清视频》
690c6d4564d7eb48cfa3309f2a758bd75af2024c	3025626544	8	Il.pasticciere.Movie.Italia.2013.BluRay 1080p x264-SWAXXON
70ec8af9d09c200654b9d4afcf137b6dd514abd5	5610049576	4	ksat-036
712dcb33faf3d6e1b51d62a65c6c70c12dc3721e	20839225	1	国产TS系列身材颜值超美的陈雯雯和闺蜜约炮富二代酒店，大战3P，火爆的场面，叠罗汉操的水深火热
727518156bd08771a907da4be782a971b60c7fbe	7897874432	6	SonicXCompleteMP4
7f0b7de92dc0f452661086404f1cce7e1287c4ce	4851044632	2	Cargo 3 [Litcenzia]
82c3ccaaf1ec9c903283d3662bb07f1ebe8ad9ab	175150837	1	ekdv-105
858604443a5f6ce700d5173df7e5cfa6e8abd92e	58890710	1	骚气满满Ts陈雯雯 性感白色公主服蕾丝内衣，龙棍被豪爷肏得硬起来，实力打炮，双双高潮喷射妖液！
9447ba62b363e1c62e1b9f75f68b145adc2bef1a	158770485	3	NetGirl.21.04.14.Jamie.XXX.SD.MP4-KLEENEX
992a2fb14d17c1795f27feaaa014851ace741e55	36392791	1	〖宅男狂欢夜〗萝莉型人气AV女优『西野多惠』惠临直播平台 携林美玲AV行业趣事 超爆人气50W和狼友互动
ace8553db3a303498d2ceef0bb41802267ba5bac	151157487	3	东北纹身大哥好体力连续抽插东北饥渴小嫂子白嫩肉肉的身躯怼操一小时小穴还挺粉嫩直接内射中出高清源
ad90d722e49a033d83d3fda2f5317aeccd1c679b	175150837	1	sw-501.mp4
b5ff7dc009589cd86916fe1ae3623f36602edb69	3501921346	8	The.Falcon.and.the.Winter.Soldier.S01.WEB-DLRip.LF
b52e7ee19c71010a8388495c902087b7df3373a7	755911944	7	Hedda Gabler.2013.DVDrip.HD
ba11535d6e3c4d7e910bd9ebf663177aab96686f	302328191	1	ATID-186-HD
db27abc2e9c83bbe2568eae6e60e78a3812ea685	178642825	1	mide-159
dd521bfce6e1e46282926d0d2d1f7b1298506a7a	1950518933	1	PYU-052
ecdfab46c6a0bb9cf93fafd0e085a3c2a58fb2c8	49692849	1	【91沈先生】纪录片《嫖客的自我修养》，5000的00后外围女神，教科书式的嫖娼小百科
ee96e45fc4c0022380891418b8047aa85e0c9c0c	183211303	1	NSPS-182-HD
f63cb3080d093694db5f929b2706e422723b790d	7620458	8	futuremaskoffft.kendricklamarclean
fd1d89ee9b6c413e6b69c8f98cf0231f5ce356c2	4738707897	36	MEYD-665.HD
