02aee99b12829a54083c6ec655c7bdf6cdaed823	823097568	13	420
0250eb25c8bb98c188aa75c2e552082fbe490cdd	101595850	1	[DCnF] Non Non Biyori Nonstop - 09 [animelv.net].mp4
0389f84d9bb52d2b0346beca2b56614855c9a364	14154279	5	Adobe Premiere Pro - 2020 v14 1 Repack
032b8834fa4234c0a694996547ad362a2047436d	269885850	1	FC2PPV-840248.mp4
03917a1d3e90c44de49ec9e820a5cf221c8c6af1	821822106	1	TrueAnal Chloe Cherry And Kendra Spade 720p HEVC x265 piemonster.mkv
04c343497f77d633bee5bc4cf5e2623d5c039b9f	633190999	1	Good.Girls.S04E02.WEB.h264-BAE[eztv.re].mkv
0691d95d4e806a4bcc82e624d375f9d1be24f95b	1278654822	9	SOE349
09636809d8b0dc76576541db85a55e4d11a8bc01	548856834	2	SweetSinner.21.03.16.Charlotte.Sins.Familys.Dirty.Secrets.XXX.1080p.MP4-WRB[XvX]
0ab1df5cb095b19d5ee8fbdb36904ce8d414df6b	688652533	13	im520@SIS001@CLUB-079
0b9de92e26c00f92ee861aaaeacd3c0a2df5c412	1345847341	133	ktr020
0eb230698b2921cec61496189b67fbe28de19e26	1693623832	1	Deadly.Dating.Game.2021.720p.WEB.h264-BAE.mkv
0e2e19b68f0f59b9e51caf6b06da76a31f8cfa35	584183139	1	94.zip
0fb5c2936bbd78ae6c98d608780737548df2de2d	333288939	156	2021-03-16漫畫6
0f6f1fbbf677bacca21891ef9c11fca4aa74e450	212834461	2	Bull.2016.S05E10.HDTV.x264-PHOENiX[TGx]
0f6ff1cee2b459a9e7e4156e2fac5cfad3ec087c	228882972	3	LittleCapriceDreams.21.03.10.Isabelle.Deltore.POVDreams.XXX.SD.MP4-KLEENEX
11db534349d91dbe70c5fb07242aa4c2b4e12c4e	2061827331	2	BBCPie.21.03.13.Sawyer.Cassidy.Big.Dick.In.VR.XXX.1080p.MP4-WRB[XvX]
11998a173e6eaa420475c80411acd754a372f0e9	14154279	5	WILCOM E2 ALL WINDOWS WORK+FULL CRACK
12db22dc12745a028ce3efa8fde3c62d0e287534	1553700091	1	Road.to.the.Super.Bowl XLVIII..2014.02.02.720p.TYT.mkv
137d8673f9a3c35964925de3c88f2ec76453a10d	843048910	7	olo@SIS001@BAHP-041_CH_SD
138f04292ece9f0c3f8991c5d0b52d98dd250942	3224779705	5	259luxu-1393-C
13ae63436c6639f31fea0111061e103f2a9dff62	586627090	1	ATKPetites.Chloe.Addison.Weigh.In.XxX.mp4
141ca66b57dd942930a756672b9f029c351eaac9	14154279	5	Family Feud 2010 Edition v1.0.5
15466c6d868274b756fd4a254aeaac2d81a19dcb	291276483	1	BBCPie.21.03.13.Sawyer.Cassidy.Big.Dick.In.VR.XXX.480p.MP4-XXX
16dc5b870286104fb06e046d24f6bd83be1303ad	14154279	5	GTA 4 RAZOR CRACK WITH PATCH 1.3
16c05d366582714ac46152ff78214aa00ec9b1b8	776173751	1	[gumption]_Uncut_Cock_Pornography.mp4
17b37705b697a45edee3b42595fb0c6e5f28d85d	397406237	5	【名侦探太浪探花】极品短发女神，神似柳岩，模特身材，美乳翘臀大长腿，沙发近景视角
173c0b7a184fade09715e60a442c76db97cfe5d9	3442752700	5	300maan-630-C
18956551698e7be735345bbc6970e1a11e716939	3948605570	9	第一會所新片@SIS001@(sister)(SIS-078)エロ過ぎる魅惑的な同級生のパイパン義姉ゆず、母性的な巨乳ブラコン姉ありさ2人と近親相姦中出し性交_北川ゆず_羽生ありさ
18c67174ac7d6e1571820049176f20d8599cb43b	290264964	2	Alena.Croft.Mammary.Lapse.DoctorAdventures.2013_iyutero.com
183a3eda535514fd4d5d96737181a5cce714a865	1827229326	6	18
192a25ff2f938af7125e3ca3013b93429648952e	2103693446	5	绝美TS小柔红色情趣内衣跟直男相互口交 被舔菊花 多体位啪啪同时撸射
191c5f36f608dfe4af1138839c24e9cddc33b49e	177999634	2	RKPrime.21.03.16.Melody.Cummings.Tennis.Tramp.XXX.720p.WEB.x264-GalaXXXy[XvX]
19c8aa6a7ab538b71b021e88ce3165c46a6f61af	14154279	5	Aiseesoft Screen Recorder 2.2.22 incl Patch
1a664efde7e95a12c81a870f5ef80e61d2f04fa1	1009921189	4	All.In.2019.WEBRip.x264-ION10
1ae06a5c091dec9ed161caada0e5c80a912ddeb8	14154279	5	Visual Paradigm for UML CE Windows 64bit
1b6cfe97d3e907aad342e396b260a234236b6d1a	472639805	12	HJD_3667
1b59b63956990181bb7cc738cce43a7de0802aaf	14154279	5	Any.Video.Converter.Ultimate.6.3.4
1bf9d0e31fe3d4c3a7e6f566a4b2b4370de761da	516460449	7	G0202027
1cda7a121e5da0d634edff722e97e6106e28f596	2516107315	4	Hitzefrei.21.03.09.Tina.Kay.GERMAN.XXX.1080p.MP4-WRB[rarbg]
1d5ca7dffebdf00eec5b3d6956982b73d9bc9043	14154279	5	ChrisPC YTD DoWnloader MP3 Converter Pro-3 50+Patch
1dabe3ea0a079d79ad58eab6dc68048262e7f264	14154279	5	mulle.meck.det.kompletta.paketet-batEMIL
206a7022a8324a1701d80a2aa8e92859a9565e3c	14543893	2	Adobe Photoshop CC 2014 (64 bit) (Crack)
20d7de4bbc623c1f0c8dbb42e5dc8325a2b8be7f	1285872576	6	1
21aeaf25785f885edc8e711dafc802090816bd99	2402706711	6	50
21c5249437c962b0ddc1245d13f050d3ea61c9bd	1997010097	1	블리스 Bliss 2021.1080p.KOR.HEVC.AAC-JTC
25acf3b3faae7aee67044fa553dbbfa74bc6007a	43641589804	66	L'Arc~En~Ciel - Live 2018 L'ArChristmas
25e848ac507c69ed7cd45e323e9389f6be606697	447149358	1	GroupSexGames.21.03.16.Linda.Ray.MILF.Interracial.Gangbang.XXX.480p.MP4-XXX
2547ecb00ddeace9a892bd632ab1050b140805fe	907775182	12	HJD_3668
261fdd0a28a07df3df3615cbc72e0b1cca2e1287	1118123747	6	MIAA-330
26471ef4a51f13843e984f36d3a270d36a6e41d5	968060957	5	微博网红女神【娜美妖姬】3月最新定制黑丝性感情趣睡衣，骚穴非常水嫩 震动阳具近距离插穴高潮特别快
272f9cd9eedf4828f880ff377b1736d221555715	911047020	6	3
276cc04b4b2bbd45e2b98389578c556156c47346	193660575	1	Who.Wants.to.Be.a.Millionaire.US.2020.S02E15.480p.x264-mSD[eztv.re].mkv
27e35bf0fc3ef42fda910ef5f41b5a227cf9707c	734556160	1	Big Doll House (1971).avi
272290f6a0d10db9c8c7b935e2134b9b0615e684	350180567	6	18
284ed04fedba4e042d66b53de03fb769ce5b6a8f	3138440127	2	HookupHotshot.21.03.14.September.Reign.2.XXX.1080p.MP4-WRB[XvX]
2804ae871204f001fa914125406575bdea772fc4	2937546037	9	第一會所新片@SIS001@(E-BODY)(MKCK-095)激震！超高速ピストン46人
2901ed489986de04ee67a5f8475faad3bfc07c29	14154279	5	Sardu MultiBoot USB Creator linux windows
2a4be9e246d32be6703b1cb416596a3e72828c3c	2700317161	5	326hgp-013-C
2b2eab215afa3d245fe7d7f19d5e6bda21ab75c3	1576778132	19	Solti - Mahler - Symphony No.8 - (24-96, Decca, 2015)
2cbb0b80647fb8b26b45b01d685509c81470e90a	5354808545	5	ipx-627-C
2c712404a1cecff5d9395224e6bc2273fdea2836	291345686	1	[KTXP][BEASTARS_Season_2][22][BIG5][X264_AAC][720p](D77B3D19).mp4
2d8328839c87c448fae2a4c294aa8a37d4f3869e	536005603	22	商务酒店漂亮女导游无套内射，真实拍摄，饮料里面加东西美女被干都没表情，
2e4f57ce913484598d1b2b72e8024cf976054f1c	820317426	6	4
2f5c49d77b804c0c89797f0bcd4bcd0e1ebc913c	29957923	1	MultiBeast-Yosemite-Edition-7.0.0.zip
2f365cf5f511d032408d5adae8d7a2d07621588b	14154279	5	Torrent Pro v3.5.5 Build 45798
2f16ef6e5369c973a56b6bd3ac729c5a96383fda	459106825	11	421
31b7128fcc76a39f3a96449d41a67a95b0bd20e2	160607363	1	LETSDOEIT.Liya.Silver.Big.Tits.Teen.Babe.Oiled.And.Ass.Fucked.On.Massage.Bed.LETSDOEIT.TheWhiteBoxxx.Teens.Bigtits.Massage.Oil.Hardcore.Fingering.Bigass.Brunette.Orgasm.Anal.mp4
31ba6096012194b736c4159b97af63c6454d1ae3	523171577	28	2021-03-16-2-30
3253ba975ee89266f56b699e8f772862f4394979	690483423	1	Ｃ１６０５.zip
332c63cd17b2ed07473ba85391de0a484fc56214	286231695	1	56.zip
33f468b8986f5a6d500ebb89acdbbed8af270d90	936269575	2	人鱼伝说1984
34831b2dc768ff1f6e972daf06756c9ff74ae7f2	455797127	1	MikesApartment - Katy Rose (Banging katy) June 18, 2014.mp4
35e5b108ad3c3359942c20e1f48fab9b0eee685c	197562872	86	【辽宁炮弟】真实约炮沈阳骚货小白领操上天 后入极品丰臀近距离抽插 放肆浪叫爆操 高清私拍56P 高清720P原版无水印
3577ae42451c1071e24aacf0d0aeae67c8d6b887	1492123864	13	吴天@第一会所@glamorous-anal-burst
35c1497c3d6d72d61a1b7c227c36996813ef2c8a	227887480	3	高顔值兔耳朵御姐,一边紫薇一边发臊,爸爸们快来艹死我吧,臊到不行
387fa2ce98bbf2952937f6b1ab1ca4ea81447898	991657901	5	【ses23.com】heyzo_lt_0762
3a36f00faedaecf37fddc19cd6d9860137ad4292	844334712	7	olo@SIS001@ABP-994_CH_SD
3a3786874c524053b85a28264d8689fbff281cc8	662753901	12	HJD_3651
3cd264b53c93091fc13ca16a53a08eacdf7dfe34	218444440	1	Black.Lightning.S04E06.720p.HDTV.x265-MiNX[eztv.re].mkv
3c09e756f9830590754f61fb4651044c3a57c489	1128790073	4	PublicPickUps.21.03.16.Blake.Blossom.Lost.And.Found.XXX.1080p.MP4-WRB[rarbg]
3d29214cedfb21239ccb67236b2e05daff4f68db	996839967	7	MXGS-614
3ddf15d776ef4e38dd1a3510e4c1b0bd9c1a6be5	1012386639	6	鸡鸡被骚妇用大黑牛按进蛋蛋里真牛逼，小嘴再把鸡巴吸出来弄大，主动上位无套抽插浪荡呻吟，射嘴里
3eaab8b2310e3157a5effeaf34cbdcc4ed457476	663240113	1	DigitalPlayground.21.03.15.Ana.Foxxx.House.Of.Temptation.Episode.3.XXX.720p.MP4-XXX...
3fcece183450c0eedce56c79a788e01e517f2232	1313140229	31	19.oba385
4184abb879997010588a197abdf57cdc5874e606	1259022637	5	亚洲水娃三公主激情5P现场，全程露脸情趣内衣深喉大鸡巴，跟两位小哥激情互动轮流抽插，场面非常淫乱刺激2
418353915a3c9148b368f2ab05cda33a1c84fc5f	19840887679	75	BEGTOCUM
43af70b2871a77d9dd3ed53ead9a7f5d2090f9a7	1057519668	1	Unexpected.S04E08.Bitchy.Teenage.Girl.720p.WEB.h264-KOMPOST[eztv.re].mkv
446332b096472d83ff3f8e7f35c3171378e3162e	245633990	1	Freya Dee - Skinny small tits nymph fucked - 031621.mp4
44756ea999f7419140bb052f402d45fac88f6ec3	79670276	140	OnlyTease.14.03.13.Naomi.K.XXX.IMAGESET.FuGLi
45de6cef6fde4c04d11d4a1d07393a119bcefbae	3731988001	4	[ OxTorrent.tv ] You.Cant.Take.My.Daughter.2020.1080p.FRENCH.WEB.x264-STVFRV
4630fe5010031f5b8583aba66e955841fcfe1049	14154279	5	Geneious.Pro.v4.8.5.x64.Incl.Keygen.and.Patch-iNViSiBLE
464fa3c36664fee901ece3aeaeb0b8a515770983	14154279	5	ACDSee Photo Studio Ultimate - 2020 v13 0 2+Crack
46eb7d6dfbe6729f1145afea4a90d6c3b76609c4	905914083	13	416
48901ff835cc2a7b1b97abb521e83d8fd199a798	843727381	1	bull.2016.s05e10.720p.hdtv.x264-syncopy[eztv.re].mkv
4b85f87b75097f5e16249377c98fef567f918405	240041471	6	07
4b038352bc01a44453c5c8b3aa63645eb6066c24	14154279	5	Reason Refills - Dr Rex - Dr Octo Rex
4cff102d74f93c5120e8639c26da968ed95a5a47	418673692	1	Courtney Taylor - Nostalgic Nympho Finally Fucks 031621.mp4
4d8dfc662db002bfb5bcc63bc4320229d248c530	3583021784	1	Sophie Dee.mp4
4d7667c256c12ab48c17b889ac619738ce100a54	10449139255	1	The Hateful Eight 2015 BDMux ITA ENG 1080p x265 Paso77.mkv
4d077491b709ed34c0010df209a1a8f0da458558	819645803	7	酒店约草黑丝大奶女神，女仆装诱惑颜值很高激情热吻，69口交舔逼玩弄，激情抽插表情骚
4df0b4aa6e81e33161642d5efedbfe38a2d0b4ae	177620686	2	MassageRooms.21.03.16.Freya.Dee.XXX.720p.WEB.x264-GalaXXXy[XvX]
4ed0eb2665c154bb4c7b5e3490436b9899bfc499	224722208	6	HGC_3670
4e8d315ccba24bef39c00605f8228999ab89569d	1394652193	28	2021-03-16-2-38
4effe774c0dea7fff886ae1c0596569a09d576d8	14154279	5	ManyCam 7.7.0.32 incl Patch [CrackingPatching]
4f0ee06bafc3f73d7117240aba7a11a98472b30a	1374991246	1	RBD-494.mp4
4fcbfa445a28f645b70b2adcebaaebf13edf636c	1215162085	1	Video.letter.from.the.wife.2018.720p.HDrip.KR.18+.mp4
4f3abaf6acac78372fb0b6d6b13a0a61d83a7284	109908179	1	Bob.Hearts.Abishola.S02E12.720p.HDTV.x265-MiNX[eztv.re].mkv
50a710be66c0d7f75c4d61b6deaa5925fc792df3	173361528	3	美少女豆包包极品颜值妹子道具自慰诱惑脱掉内裤近距离特写跳蛋震动拉扯
517f0524cbc2b4cf43c8c138723f4f43998b5bc7	14154279	5	Super Worldbox b143
521e6d80e9eab4534a718d9dfcf0a750f6e63a00	413930350	6	21
522f0001a034c5c9717d94580cab82ca1dc0e38a	642378934	17	【男女瘋狂那些事】雙飛黑絲美腿姐妹花雙龍戰雙鳳JQ4P瘋狂性愛跪舔對對碰翹美臀後入猛烈操
52cfbfbea4a6f15c5fc7f1235a4ec9371dfb8ad8	14154279	5	ProjectSAM - Symphobia 2
549c1b592a4514f5c8a4cd95916cf41e93c79349	976877468	3	SexArt.14.05.21.Candice.Luka.Running.Free.XXX.1080p.MP4.KTR
54d470c60b370c9288ba04d6875ce769ae4159b1	14543910	2	Avast Premium Security v21.1.2449 (Build 21.1.5968) + Fix
55106dfcd1c4488575079e7896de73cde68b9619	14154279	5	JetBrains PyCharm Professional v2019.3.4 + Crack
550b4667a5324fb9262666ec2047b37722b5ed24	574660177	6	Ivy Rose
55a13c17cf5390d264867c899d214918b63d7150	334215899	2	RKPrime.21.03.16.Tru.Kait.Coat.Room.Romp.XXX.720p.WEB.x264-GalaXXXy[XvX]
5539105459844bdd80292729f1d95d54d885637a	14154279	5	Autodesk 3DS MAX 2021 (x64) Final + Crack
56dacbe9a2bb4581877d381eced79b37fac885cf	6442319376	5	ipx-631-C
574cda1990537c8cd77779c530c8587e53d8b588	11141602307	2	Lesbian.Girl.Scout.Cookies.XXX.iNTERNAL.1080p.WEBRiP.MP4-GUSH[XvX]
5813f77903d358f1928dc4b68eb4de95bede89ec	227679264	1	All.Rise.S02E10.720p.HDTV.x265-MiNX[eztv.re].mkv
58f872b247403a3b09f515a9a4d364e2d2a93af9	2437872666	30	tura00355
584bb7ed610270d5dd3c4ef21faa86e2b4023bfa	14154279	5	Sherlock.Holmes.Crimes.and.Punishments.Repack-R.G.Mechanics
5a1e232f9271301a1d55d3efb7ddf17218f7e5a0	14154279	5	iso2god 1.3.6
5a77748ed6ace79cbec1215563ffd9d5ef2866f0	310081794	2	MilfsLikeItBig.21.03.16.Courtney.Taylor.Nostalgic.Nympho.Finally.Fucks.XXX.720p.WEB.x264-GalaXXXy[XvX]
5c473e8a3750c1eab485ee8b9a63c35118f03734	245713272	3	男人爱风流桑拿休闲会所温馨客房体验有点像新疆人的金发苗条气质美女生理大保健透明情趣装很会放[1080p]
5c4bb0cb1da7ef4258abf1bffbd94fc74d275637	230043723	6	HGC_3680
5ccf9f011b7621d420c875fd01c6ea060f8ce952	505274785	6	10
5c1a85ff7db25b0a526463bbbc96b75d7a4a8291	743092680	1	Crikey.Its.the.Irwins.S03E05.XviD-AFG[eztv.re].avi
5cfda5b66501a7f4f83a76263d6c4d951b1215a1	44657505	3	超级靓女口交
5d2fc9a75a14233947299c52428bfa9f6f10a70b	14154279	5	Minecraft 1.5.2 Cracked [Full Installer] [Online] [Server List]
5ec1b225bb59f1293a60b2e64dc604f3000f17c8	230128537	7	olo@SIS001@Babes - Vanna Bardot（劇情.絲襪.美鮑）
5fc105940afe5690cd7d1194a38059efce108670	850651728	1	5.zip
605fa65c5f6caae063eabffb0d5093677afda29c	206111328	1	The.Neighborhood.S03E12.HDTV.x264-PHOENiX[eztv.re].mkv
61cefb59be7a7611b8ffabcdc16e2c86da8aefdf	14154279	5	ISO to USB tool burn ISO to USB drive
62bf56dd84eb091b290ee0855dbf7d12070de685	361307475	1	失忆24小时第21集国语.mp4
6343623384c56fd97556a1f22bdd247163809f03	978322550	33	3197175398632711632.cc】国语对白 香港黄业之超级名模米雪
63be062750a401c078759805e6e74ad5d736921b	1596457311	13	NikeのＢ@第一会所@TeenSexMovs - Hanna Rey
63de688511f4240ecc2287f043731de4b624265c	1609960168	65	01.Coed Tag Team
648975bc1e7aca7b0300d57e376138132a9ffa2b	36486015973	104	La maravillosa Sra. Maisel
6548ec8e6685db6297b778c01ecf68c281bad7a2	14154279	5	NetLimiter Pro 4.0.68+serial Latest Version 23.08.2020
65023f3fbd9d55381b3a1904285092027a94f5f8	579555141	1	Capri Cavanni (Penthouse - Steampunk Alternasluts 3).mp4
66027917c935d0e6fdb2e95014dcff72528bf01d	14154279	5	Mafia full GAME [RIP] [CZ]
663b9742ff20b0c5456ef3414539e0c47016179e	103020481	1	RealGirlsGoneBad.21.03.13.Kinky.Tourists.2.Part.1.XXX.480p.MP4-XXX
667b853f8df215339c7dc76704efdd67d3d987f6	93438588	1	[DCnF] Non Non Biyori Nonstop - 08 [animelv.net].mp4
67f6d4a3d8c75709fcab61da83a014c21c0c1a6e	14154279	5	Call of Duty Black Ops-SKIDROW
6778b846ad398c521d39e80b0b49ca1c813018bf	892318434	3	En El Septimo Dia (2017) [720p] [WEBRip] [YTS.MX]
68382398b8cd322894297956a38be25d415bfc08	14154279	5	Cake.Mania.Lights.Camera.Action.(Sandlot.Games)-WWW
68c348018fcc7a5aaeda0204ff663a7756b2cc28	14154279	5	Bionic Commando (MULTi10) - [DODI Repack]
68c899d2195467a8944ca0c91bbd5bf7c72b493b	1488533217	4	60.Seconds.to.Die.2021.1080p.WEBRip.x264-RARBG
6822e9d1f90ce5ee265ed393f2bf0e2b29ad21e3	1957945923	1	SSNI-034
696c81407a92abd2dae8632dd03860cae3a3c147	16321379363	35	0316-国产-30
695c1f0cfaa0653a1096caa366cb5cd485a9437d	1256208167	59	ALX2076
6a59c8500ee9aab47fe608aab50c69916c21e02f	14154279	5	Solid PDF to Word 10.1.11064.4304 incl Keygen
6a7b26ad77d296786bc189dbe7b613a5d36ef686	1933599384	2	#_dvdes698
6b66b1c3cc4309c5ebcf75954a7dc058cd2af36f	288974710	21	【爱你们万人斩】（第二场）超清4K设备偷拍，极品外围女神，沙发啪啪调情抠穴，高清源码录制
6b088dda88a93d3c8c66694f04390d8485942585	279721875	7	olo@SIS001@Babes - Lily Glee（美乳.美鮑.深喉）
6babbfab7c5fdaeb35a1764f95126c1a297c31df	14154279	5	Autodesk Maya v2020 - 1 (x64) Final + Crack
6c09ae671c1afd3fc953b953656bbb665a7ed697	693878211	1	女初中生ABD韩语中字.mp4
6dc9cf5f9840d14ba09a3f49f6feab6df5d4cf39	14154279	5	Microsoft Office Professional Plus-2016-2019(x86x64)
6eca71eb3476818c4567e8b16687bf844d74c815	281676872	1	All.Rise.S02E10.HDTV.x264-PHOENiX[eztv.re].mkv
6f4e626b102b3eb7e34d4a81c20a7d035a80d77b	222292454	6	02
6fc9d7ac0b08e2a966aa661352f9522419080f8a	14154279	5	OutWard - PLAZA
70629025a3dd0264d91ac68ce58a32770b65e22b	16594913	243	[Clock Up] Kaketa Tsuki wa Modoranai
7042bb2dccfe90f3453de77d5b0fee75e3422998	160480818	6	HGC_3671
715117f59d35f276088954ead6c8ddfe8eec0276	14154279	5	Office 2019 KMS Activator Ultimate 1.2
713d77eb8f2a1a46f5f8add7af2c8f683d885dd6	5422470494	5	ipx-632-C
719a8c19a49b35d7de9172c5945cd13acb2913e3	178782312	13	赤毛有名女優巨根SEX
73d15648539c2d4abf24e0d7e3f867451c020f3d	1313091317	1	Fauji Calling (2021) 720p Hindi PreDVDRip x264 AAC By Full4Movies.mkv
73ba515388fb145b2dc12a7c0f2fc4150636a5fd	1121771724	6	48
754b5fbdf7802a32045b248b332490300b695ed5	14154279	5	WinRAR v5.40 (x86+x64) + Key
783605519be2c206ed86d77ee2bc2920a8c8f75c	1257921316	1	Elementary S04E08 - A Burden of Blood [720p.WEB-DL.H.264.AC3] [Lektor PL].mkv
795e047112b665f5b6b1830d02436e706fa87420	577599721	1	jux209-5b.mp4
796ad901639ffe2c7b6ee29df4f2171bbb87ba3a	1508499679	1	www.4MovieRulz.us - Pandu Gadi Photo Studio (2021) 720p Telugu  TRUE WEB-DL - AVC - AAC - 1.3GB - ESub.mkv
79dc7ca267c15b222957b7c3ebacec378d68365f	1145593177	2	Fitting-Room.21.03.15.Eve.Sweet.Yes.I.Squirt.XXX.1080p.MP4-WRB[XvX]
790a8c5638ed0d2c16584af79869418d71e26dc1	1379917522	4	Hard.Country.1981.BRRip.XviD.MP3-XVID
7a1556eab44506198c9c340a75af4ee2d6d445dc	871342470	12	HJD_3657
7df892d2d085fe371c521baf151c860f9986c15d	14154279	5	Adobe Acrobat Pro DC - v2020 006 20042 Final + Patch
7e72b1dbcc9d769885f437f25612ee481d07158a	3994330931	1	Na.skorosti.2020.1080p.WEBRip.MegaPeer.mkv
7e76ead5cbe50c5c74436aa3971290b6bbabf9a1	221166304	12	【高清共享】前田かおり　電マ攻めパーティ
7e399964cb8c9637052bd11d31ad2ca2c2f53ccd	333615154	1	BrazzersExxtra.21.03.16.Phoenix.Marie.And.Aften.Opal.XXX.480p.MP4-XXX
7f4b1de3ea377ea16efae276a0f0daf9287b6c2a	29588763839	30	[y5y4.com]你好，安怡.全30集.2021.WEB-DL.4K.H265.AAC-AIU
80b8e16cdc718c7cc0fda02b578f5cbde3689677	1147485310	4	[psk.la]H4610-ki180807-HD
81d8861a8e9b81c3cf4ff46467f871b6ba67f864	1077595300	18	踏雪寻笔@www.sexinsex.net@MINT-006 私通人妻不顧丈夫睡身旁 JULIA(中文字幕)
8285e64fdc297b50e1bf7ac16d41987819ab397c	512820232	1	EuroGirlsOnGirls.21.03.16.Anastasia.Doll.And.Kira.Queen.Naughty.Spa.XXX.480p.MP4-XXX
823d40f53b6ec0ae97c8ee574af0e264bc67cefd	7613075889	10	第一會所新片@SIS001@(CENTER_VILLAGE)(ABBA-373)ビクビク跳ね腰突き上げ子宮アタック！30人4時間_1
83ce3eaaa4c8e266d4f414ef79d6edc7d36ccc2d	2557040188	136	MIAD532MP4
833ab746cb0ca90aceb7309652e29b124d478441	1933440640	1	[JAV] [Uncensored] FC2 PPV 1723507 [1080p]
83882b6677db09d7d9f9bd87bb3e391ac1321881	14805140459	44	夏家三千金.第二部
839eccbd5682ce6f7d2e1960b35b0194851dc9d0	414888838	8	色无欲@sis@Tek019
83d01defc4a78630cc4397855517fcf8a723cef0	2435879886	30	tura00354
8437ad409d728b94f2e43004ec30f2dc010f922b	77601080	3	Cosmid.21.03.14.Amber.Smith.Ambers.Bikini.Outside.XXX.SD.MP4-KLEENEX
8467f95b8da108e025a40f59200647968dba1e53	734836736	1	Marc.Dorcel.Tarra.Pornochic.Boobs.avi
8406c46fab1824f787cb06f17dd01350973c1b71	14154279	5	Boris FX Silhouette v2020 - 5 5 Patched
8491315eca0617e1bda1af10cf6322bf61461a95	2439252038	5	【ses23.com】bf00330
85b41fe142ce241c925714d8f5c1925867177694	1264783985	30	scr00200
85150a4c19cd77fd5db5dcaed8e3a7e9656159af	1211555196	9	醉表姐旁偷情姐夫偷偷骑坐鸡巴被姐夫反骑猛操无套内射
86481b090938fa4ef3974510565dceae91c8894e	864289119	13	NikeのＢ@第一会所@MilfsLikeItBig - Courtney Taylor
87d60559c1b448dbcbb35484bf0209d1ceeb9368	1491734269	6	19
876abdb2150208c0f31b4f1924b13e5cfc34df73	960428291	2	Dry Martina (2018) [720p] [WEBRip] [YTS.MX]
88237c63a3d8200cd193874e848a85200b1838f5	14154279	5	Monopoly 2008 [English][PC]
8a960846ac1a75ff21a06c01779435951d411ea2	14154279	5	PCB Wizard 3.50 Pro Unlimited
8a4c0b1a62630864145349d4c14fb3a96a592dd7	14154279	5	DiskGenius Professional v5.3.0.1066 + Fix (CracksHash)
8ca56cb2f70f226ec6cfe50c251eeeab8694db1d	1140795472	1	Kendra Sunderland And Carmen Calientes Best Friends 12 Mar.mp4
8c86a30a77a41f36d613707994fdbc1b7408e733	268138095	50	170312-韩国游玩偷拍美到窒息空姐 感裤袜内内真心受不了-12
8c3beefa6c5931b519bf65f788a31e31e62d8674	264750900	6	HGC_3667
8c9087af6480c3cf4f8fdd3dd9b203d67bf6848d	2940447727	1	PPPD-620
8e4b05852a9ffe586eb480a6792d9b02780b1516	233753636	1	LittleCaprice-Dreams.21.03.10.Isabelle.Deltore.POVDreams.XXX.480p.MP4-XXX
8e716a2ce4705d2422236fd41117288a69a0ff48	2303809646	5	383reiw-038-C
8f8aefc23a47c3521018c0526a3849d464d2ef38	918945863	5	GOMK-06
8f9924663cb1a8a4070326f80e6f03c2dd738470	14154279	5	Cold Waters v1.15g-GOG
8fe68af3eae841f729715edc895679f29ff2a9ca	14154279	5	QuarkXPress 2020 v16.1 (x64) Multilingual+Crack
8f2ea467098a549db409a86c1875dda3beb0e1cb	1346847911	55	HIZ006AVI
9085b0a425169157485c1b7376503c4d98e46156	14154279	5	A Town Uncovered v0.30c
904007102ab90bf665c08f024b26967cfb92b567	2646324083	8	加勒比海盗 [中文字幕][1-2两部]
91e16a052a79693edd164f7e838b7104adfd591c	1420712153	6	EBOD-769
91ece4fdf5d15ed4ffbe61583a956ebdcc649172	14154279	5	Photoshop CS6 precracked [mindcrasher]
91eec4fa744099bedd18a44c135b0931937449a2	757118060	1	Secret Diary Of A Secretary (2009)-Hot Hot Hot.wmv
92ee70d8480452953725d6623bcac5311179082c	45345857	1	[Graphis] 2011.09.19 AUTUMN SPECIAL 2011 Eririka Katagiri 片桐 えりりか.zip
93e5eb62e70581535a054e355156a2fcd8baa4b3	302484432	1	big.brother.canada.s09e06.hdtv.x264.mp4
95c91428217ab19c58b8f9c4935f98098a04e4e3	14154279	5	Cooking Simulator v1 7-PLAZA
969eb6eeaa1b069793c51c855592b65d8b290443	734691328	1	Karamazovi.2008.DVDRip.XviD.CZ-UniQue.avi
976019f0f6ec763f070e614963a9bf384aed1c72	5516133718	6	第一會所新片@SIS001@IPX-623
97ddafb826f73e5e200a6f322029f26bcd2c1e78	14154279	5	FoneLab for iOS v10.1.16 Final + Patch - [haxNode]
97933411d55c2650574ca9efcd5bc8f79b911c83	14154279	5	Visible Body Muscle Premium v3 1 3-DVT
97419b11f81dc57ec0ba937ffb17cd1976a8079e	183592982	1	Bull.2016.S05E10.480p.x264-mSD[eztv.re].mkv
972041ce67a13b8133134a5522c159f6e17837b1	1353187694	11	UID1254189@www.sexinsex.net@愛姉妹
994560d01280becd9e3f937f4129e6bb5ac41b6b	14154279	5	TEKKEN 7 Ultimate Edition - [DODI Repack]
994c23aab166f325824cbd4e4eba05d04428737b	140109146	2	Bull.2016.S05E10.720p.HDTV.x265-MiNX[TGx]
990f2b7d3c83b67a9c16bfb022f105c8faed677f	1044693779	1	AEW.DARK.Elevation.15th.March.2021.720p.WEBRip.h264-TJ.mp4
99870b0147a1265d9a779ccfea2d5daadf6341ea	2020613124	76	HD-720pの經典推薦：皮膚光滑的豐滿應召女被肏的不要不要的
9aada75d6f75f1c5108e02c992fe3c42c3c214a0	11304285471	1	Océans.2009.BDRip.1080p.x264.DTS.RUS..mkv
9bd98edd8a148cd241a40f4f83d5e96cadcb989e	14154279	5	Microsoft Office 2020 Professional Plus 2004 x64+Key
9ba2666d45b6aa6867dfbf722cc020f07d27e2ac	222498139	3	Hitzefrei.21.03.09.Tina.Kay.GERMAN.XXX.SD.MP4-KLEENEX
9bc462eb2123719b3b58da39a98a6a22e33d86bc	16626481	1	(同人誌) [キリンプラネット (満開べえスケ)] 友達の母に家事代行を依頼したら (オリジナル).zip
9c2b7220d20ff86bbfdbd1dfe4e785db72128a2b	113399936	12	Geschlecht - 2019 - New Load Continue
9c55dde59023f48ecbc81ed9cb4edf4df56a2e56	14154279	5	WindoWs Movie Maker 2020 - v8 0 7 5 Repack
9c6efcc6294c8ce65b461069bd5ff942a02aec85	5338595199	5	meyd-662-C
9dc0fce310475a43219d27a2efbb4a6363b9521f	240780768	7	olo@SIS001@Bellesa Films - Silvia Saige（美乳.美鮑.深喉）
9d6a8c88a9fc2ca8f888e5bc7ce46e6c999e36a8	693040923	34	fakehostel.21.02.14.billie.star
9d00a31ce0f3c8261b70f4124bfd501ad4222fb9	684786798	6	利哥探花今晚约了个颜值不错破洞牛仔裤妹子啪啪，张开双腿69舔逼调情抬腿侧入
9e4848c8e4af46450d2a1caed28accfd5fc26a75	920864702	2	ManoJob.21.01.24.Lulu.Chu.A.Handy.Break.Up.XXX.1080p.MP4-WRB[XvX]
9ec3167eef3cb80362308f6be22911583a3bd5ad	153549184	3	AbbieMaley.21.03.14.Tiny.Pussy.Takes.On.Massive.Cock.XXX.SD.MP4-KLEENEX
9e74aaf6f2b4da081c89662c02086f5e446400c0	1104236239	4	LittleCaprice-Dreams.21.03.10.Isabelle.Deltore.POVDreams.XXX.1080p.MP4-WRB[rarbg]
9f3b959ca3c62c816b8be438561c1007d12162d5	598053003	5	销冠的秘密 色诱淫逼成交 狼性女销售 后车箱疯狂抽送操
a23bd5d699728aeb290de4568a05071ab72c9723	1009730308	4	Black.Lightning.S04E06.720p.HDTV.x264-SYNCOPY[rarbg]
a3b5c28bcfa72029b0d56e18e36bfa0f8ac07d35	879714998	290	38
a399cfb0cff0a7f781817559ada5450421b17150	14154279	5	Glary Utilities Pro v5.143.0.169 + Keygen
a381737bf7b80f283c87f1f4cb5697c62859a9e6	4138103656	6	41
a489e13890c11fd20a1e6228d7c77bad9bced017	1297796595	1	016_3xplanet_ESK-252.mp4
a4a53088887f00b247de27820ceea56b31835be2	653263601	2	EroticSpice.21.03.16.Jureka.Del.Mar.Cheating.Asian.Girl.Thrilled.By.BBC.XXX.1080p.MP4-WRB[XvX]
a5227755d2647960ccbc7d1c27a13ceeb191a06e	4140821963	20	Caribpr-021816_499-FHD
a55e4ffb83f8b06471353ada33f7893998d069d1	646798569	6	HGC_3652
a788b83bbb172b9bbf306f180912e1b041422b77	911485698	3	Assault.on.VA.33.2021.WEB-DL.x264-FGT
a769c478291cedbaaaf8df1829252eb7e9a8f9e5	14154279	5	Brutal Legend (v2.1.0.7) (GOG)
a7a60ccd5ec1909b7c85356d3a100b209b8b64e9	98691830	122	露脸会计的姐姐 高清 熟女同事和我做爱
a760c8500df38a43535d3a661ddc3ff008d3f0fa	14154279	5	MS Office 2013 Pro Plus SP1 VL x86 SEP 2020
aa37faf491b55111c32809c5496a538695c2bb2a	782280704	1	Legacy.of.Lies.2020.BDRip.746Mb.MegaPeer.avi
aa87c6cd5576ae84f0a2dd86244cf9df8431829c	1270321428	30	ud00815
abfb6fbed1a647015d3214deaa68d7d12166ff26	400103225	3	All.Rise.S02E10.XviD-AFG[TGx]
abea3e2ec77a53ba8c6e8cddfc1e775e39d4b9a5	2833167959	1	SDDE-506
ab0d1306bc0276e68e4763fda57993053486b6f5	291371884	1	[KTXP][BEASTARS_Season_2][22][GB_CN][X264_AAC][720p](3268FE54).mp4
ac375ec998453710a9339943a8259b2f01e2dfa7	1411853822	1	Aruvam (2019) UNCUT 720p WEB-HDRip [Hindi DD 2.0 – Tamil 2.0] x264 AC3 ESub By Full4Movies.mkv
acdc0b4d6d5ecf6d10de47742c7c56aa122290ec	1703968090	57	javcc.net_JOHS041-SD
ac6456605ead94643d96e5165e7c7b26fdd518f5	901487061	13	YSN-541
ac5d505eb6a148de3aa60af347ad84c26537c5fa	262758219	1	Melody Cummings - Tennis Tramp - 031621.mp4
ae8f3c312d49a8b58c14c2f6da43241159395105	662823903	2	BellesaFilms.21.03.16.Skylar.Snow.Drawing.It.Out.XXX.1080p.MP4-WRB[XvX]
aece05a5b814c64eb791cf96b7dbd18dc5567e5e	1045129240	2	Passage (2008) [720p] [WEBRip] [YTS.MX]
ae0325cdace1d0e9778011d5d3c80c8531d84bac	1026653504	6	26
ae58252d678813befcc4d7130d7a1765e6d85fcb	1402953559	6	28
af50b3c091cd162fc72318b4cf85ce30406d1673	400101448	1	All.Rise.S02E10.XviD-AFG[eztv.re].avi
afc19da8400b86950c2573eb51b00ca5c15f96a4	2062618496	1	ecb-141 Hunting Cherry Boys In Their Homes - Mitsuki Nagisa.mp4
afd5e71a1f436fe02f73f7caa4eb986d977c3bc4	3320708	1	[boy+man] man fucks boy-lalo 1+2 rbv laika landfill liluplanet little lolalover lolifuck lolita lolita2 lolitaguy lordofthering.rar
b0cec47d8cf2316500d8ab045f3c60e4c8859810	1023900458	2	JUC-495-avi
b0d1fbaf992557ccda76a0e8a73e116b2f9ae644	5890382448	11	Bekaaboo 2021 Hindi S02 1080p WEB-DL H264 AAC2.0
b0207e9cf822765d25007afab929bc2e2b387254	372086813	1	Growing.Up.Hip.Hop.Atlanta.S04E10.WEB.h264-BAE[eztv.re].mkv
b038b9a63cc55ababec1b3392a8cae9cad16c8fa	1002508474	13	WZEN-043
b194b713bd5f0efa5db21d7cdf7000d279679fce	1585971551	13	NikeのＢ@第一会所@GirlCum - Michelle Anthony
b2f53f5d37caf376fef6396ce7f318a993b9ee34	1906515687	112	PIYO005
b255d52798f28c3268eaf47a39e5cbb9a9c25344	14154279	5	Adobe InDesign 2020 v15.1.1.103 (x64) Pre-Cracked
b21da57752f20e8c48cf3819955ebadd1ef1119c	2194909958	9	olo@SIS001@0316-精品合集-09
b2bbb84b1acf6f0656281d4be10b2112f3e5f0cc	271307384	1	FC2PPV-229873.mp4
b201c985f80104f0ad627edbfa406fb346dbcdd7	14154279	5	Need for Speed Most Wanted 2012-SKIDROW
b3adfe9c8cae445da65ae7304b8fdb10f1f46b10	5855148759	4	GroupSexGames.21.03.16.Linda.Ray.MILF.Interracial.Gangbang.XXX.1080p.MP4-WRB[rarbg]
b34f3a0f400af4ac6253b4ab1bd5f4d2a2f63cbd	14154279	5	Bootstrap Studio - 5 1 1 incl Patch
b40e216b1cf9d9fb8821b2e76c59477629167a0e	893214637	1	Christiana Cinn - Christiana Cinn Taken And Ass Fucked.854x480.mp4
b484a469149b6dc9f5d1d7da2cf017cbad485439	1735757952	4	Fitting-Room.21.03.15.Eve.Sweet.Yes.I.Squirt.XXX.2160p.MP4-WRB[rarbg]
b44d4782b0c927110fce38cb3d0b83e492949a97	14154279	5	Adobe Photoshop - 2020 v21 1 2 (x64x86) Patched
b4260f893ac8c4f599f25d76127b33adc8c3decd	905177755	6	6
b5f19c74c49a41a202b38a0c2df688f191a17a1e	3193683999	6	49
b5959e1b347471a527086285613ca98fbbb53a3c	14154279	5	PLUGIN GURU MEGA MAGIC DREAMS full version for KONTAKT 5 windows
b58c9b5ac9eb55a3fd022f172c0a9216b5da5849	76708929	3	172超模酒店做爱被偷拍3
b529406d505eeedf53455721e035f68fbf4e534a	532253865	1	ROH Wrestling Ep 495 12th March 2021 WEBRip h264-TJ[eztv.re].mp4
b52239a5da00899ec13c054fd72c23a060531db9	215250803	19	15.hdschz
b58931dc72d691bcece747fe555133286c8033e3	235869370	1	All.Rise.S02E10.480p.x264-mSD[eztv.re].mkv
b6d1d16df1ca8c92062bd2b762bb1e47ee54ac1b	212076813	6	14
b61599dc8a00f645c464fac4876d791da39e2646	552490041	249	Hane_Ame_雨波_-_PET_Girlfriend
b70d8b9bcbc9e24e934a1f846e6d4afd93d36d88	1410990847	58	CEAD105AVI
b867fe6d1a2ff0aa6810a3a5f2aec038cc1eea5f	4538535594	5	435mfc-086-C
b8302db3102f0628117b274ce0258a513c3f8584	821308450	72	200GANA-1570
b96896f2061d81b38778e2c7c2ad26a5c6e7ea27	6538944509	7	Surviving.Mars.v1001514.Multi.8
b9a80f0ecb7e41d4bd75187d22644360fea5682b	383020296	1	Black.Lightning.S04E06.XviD-AFG[eztv.re].avi
b9220c21590bddb9e64f10da89894c9103e7ba50	14154279	5	Surviving the Aftermath v1.9.0.6922
b9fd3d6ff6f2655f51acb10d2e29ca87e79bfbae	849429463	1	52.zip
b962d8200ca979408e23b720d45fb65616545dfe	14154279	5	Cities.Skylines.Snowfall-CODEX
ba0124182133da1d33e154aa7154f7734cedca17	1919593213	2	Virgin Territory (2007) [1080p] [BluRay] [5.1] [YTS.MX]
ba1743c433d4e8cd7400e243be75707c2aab4284	413338610	2	LittleCaprice-Dreams.21.03.13.Little.Caprice.POVDreams.XXX.1080p.MP4-WRB[XvX]
ba5e4df69b43526db7fcfa54a03435b625fe498b	14154279	5	Producer Loops House for Sylenth Vol.1-6581 [deepstatus]
bb37efc515be60b167f350dcc6c826a28989d560	194946699	1	Snowpiercer.S02E08.720p.WEBRip.x265-MiNX[eztv.re].mkv
bbf105f8b56726384aebc4fe6329c4548938cfd2	14154279	5	Duke Nukem 3D Megaton Edition v1.4.9 FINAL - DiGiTALZONE
bcea5f34f02ffddf7e50582254284fb3ba307345	3003121940	13	y204
bc956fc225338ed5dd84b181bdb5056c1edb44ce	2643823322	11	夜天子.2018【37-42集】追剧关注微信公众号：影视分享汇
bc98b940e6881b4e8f2a632d74ccc679f26803df	635501752	1	音乐创世纪-20140202.rmvb
bd681c8d0b0a993a72125f2a86d42913de649f0f	1127083724	12	HJD_3686
bd90d32a33fd149737e97995358200c3d619ed3a	4438718784	1	WWE.Monday.Night.Raw.2021.03.15.720p.HDTV.x264-NWCHD.mp4
bd6239b22414b0c7b14da788aa4b22c28ff65650	744144710	53	05.05.05.Hidden.Stroke.II
bd8a57b0dd92c7d1d24fc78037e6b739c1128b8a	139121253	5	TMWVRNet.18.05.03.Darcia.Lee.Solo.XXX.SD.MP4-KLEENEX
bd1194ca60f0c2ba655002557fc30ec2e44697cc	1222985050	6	XVSR-548
beb8f19a7ae0ec31ba5f47dfbb1a31567c765a35	304533753	1	Snowpiercer.S02E08.WEBRip.x264-PHOENiX[eztv.re].mkv
bfad2bc973e83dd61d3a70e68be150aaf9fbaa20	137503187	6	HGC_3687
bf3f4b7fa785bedce8e70debef2d3e417c6cc64c	3415037772	751	LEGO.Ninjago.Masters.Of.Spinjitzu.S11.WEBRip.x264-ION10
bf9c9f38053c19d543a88166289e9d147e00c550	14154279	5	Macrium Reflect - v7 2 4808 Server Plus (x64)
bfdbc95170b096e1d760466f101892903a970c91	157185612	1	AbbieMaley.21.03.14.Tiny.Pussy.Takes.On.Massive.Cock.XXX.480p.MP4-XXX
bfdb627d4acfd8c7c9ee573735dbd9e22580c2cc	795081586	6	8
c098aad161e67688ca2336cce8455996b0492128	270151707	6	08
c0323852c50da5d47cdcff6d7e5584a13703c03f	14154279	5	Deus Ex Mankind Divided - Digital Deluxe Edition
c0cba78643790dd0644a950e10f1eb81425b4844	14154279	5	Command & Conquer Tiberian Sun (v2.03 Latest) N Firestorm
c0d3727e90f3ed896b8536bc520b0907649e1bb6	14154279	5	Love Vibe Aria - PC Edition
c1a2991660279802a921af1a07b6b919c2e2870c	1049475016	1	TKG.The.Kids.of.Grove.2020.720p.WEBRip.Bengali.Dub.x264-1XBET.mkv
c1afdff3e066536ae189490b90d85ea1451ffe95	85512244	126	[Artbooks] Fool's Art Gallery
c139f45adbc1002b801ec09083864ef9be128da8	1160120712	6	DIC-078
c2e9026b8a35d2cf242fa5ecf59cc08eed25172f	238138348	1	MassageRooms.21.03.16.Freya.Dee.XXX.480p.MP4-XXX
c22853edf485c533f9194e7c4c6b342825560f5a	435337058	12	HJD_3633
c22cd3bb9c7221c4c57903b112dc9f364174a8bc	517516301	12	HJD_3653
c2fe05d2a73659b64e5dcca8a39c163c6f7281bf	333205176	1	MrPov.21.01.26.Skylar.Vox.A.Whole.Lotta.Juggs.XXX.480p.MP4-XXX
c20f6b01f60c33251c038684c0f656cead7976dd	865282978	5	领导逼迫我的老婆拍写真 却成就了一段奸情
c3f2b09d6ab6e42bdf05311554c6df23e329afbe	2764340121	5	300ntk-535-C
c4975304705eab3e6de38bc74e318b7c6e01e4aa	682290403	6	caribbeancom-041416_137
c41ad807debdc06d8424538795c1c14a3c6b0be8	14154279	5	Blur-ViTALiTY-[tracker.BTARENA.org].iso
c4e31bcbda619d5e28dc191a33f623971cc811f1	82400323	7	G0315028
c5bccd6b50089035cf2a7c2635ad23d58720bed9	1510520791	2	WWE.Monday.Night.Raw.2021.03.15.HDTV.x264-NWCHD[TGx]
c680f95fa3f9d7c55754ef34354edf7de53d8447	14154279	5	Nuance PaperPort Professional v14.1 + serial - Team Rjaa
c6e31862eec1ed01663be21c13c3727b1571ea5c	14154279	5	Call of Duty Black Ops 3 - PLAZA
c75f950a8796b90c67aa2191bb2e911bd5234166	939642383	1	h4610_ori1405_fhd1.wmv
c79ccfd074cf71b776a5591c2fcc54afec66bb73	1113769773	6	KSBJ-100
c759b6f3bb24ba6cec15923838006c3966360d95	379079052	1	Ride.with.Norman.Reedus.S05E02.WEB.h264-BAE[eztv.re].mkv
c77955634abd7273c1c2eaef9e055078a12028a5	162973756	6	[05.21][原创][无修正][ゆめ 大股開きで大胆絶頂！][AVfans.us][工口社GKS]
c7f68bb411c17fd40caef3ae7989416ed9f07dd3	1735767185	6	HGC_3673
c86843c155058186c7a549261dce063878219d92	2169061158	1	sc-1-ela-dixie-h264-1080p.mp4
ca3a8ff58b0c6b62b65f332cda4f2477466d7c09	14154279	5	AutoCAD 2020 + Crack
ca7840e7309b256ba525b18a286cff3a21b3781d	2437709340	30	urpw00039
ca6efd28fecf53fe201e6e034a64b1db3b7b0140	932071903	12	HJD_3661
cae7e08b026618159d4a980d5b469501e7fe2279	307775246	1	All.Rise.S02E10.720p.HEVC.x265-MeGusta[eztv.re].mkv
ca3643019776e6f4ebad530f1c98aba5a5cb3a8d	175988899	1	The.Neighborhood.S03E12.720p.HDTV.x265-MiNX[eztv.re].mkv
cb826924184b9308b0da2cb08874b379136f8fe0	196034168	1	Bob.Hearts.Abishola.S02E12.XviD-AFG[eztv.re].avi
cca30b7c84619018ecb2f4ae2fabcbda35c1b02f	384414992	6	09
cced1d946c9639fc143632a7858a318b514e8841	735840174	6	龙哥探花3P极品小骚货，抱着亲小嘴吃奶子玩弄，口活按摩棒玩阴蒂揉骚奶子，按在电脑桌前快速抽插
ccd1325348bbaa103c32c7ac69da1474a05f8abf	50130237	1	Julia Ann, John Strong & Mark Wood 5779_04 by MyMilfLikeItBig.mp4
ccfd8a7f4bba46c4067b4c157d6d4354b01710d5	1724616040	1	A House on Fire 2021 LIFETIME 720p WEB-DL AAC 2.0 H264-LBR.mkv
cd033424185cc3e1d4041bcf177948356cff0f09	1382571372	1	59.zip
cd82e168655ca53bfc918804f43e03e958a96067	5399025487	5	meyd-659-C
ce13c1326cbd1be94b2a93ee3d7482c909877802	14154279	5	WinRAR v5.91 Beta 1 + Keygen - [haxNode]
cedd97855dd31ae212849a0af284e2799f9bb30b	14154279	5	Sexy Lucky Patient - Hentai Game
ce2799570cddf49cb5293f6fcac1941eb4045675	374050765	1	CastingCouch-X.21.03.15.Tristan.Summers.XXX.480p.MP4-XXX
ce85ef830673aa1454e6d8808939c2acf5830df8	6641872536	5	ipx-629-C
ce720178edba00a3f197c898bcc97bbc859eeefd	2005742452	4	Debris.S01E03.Solar.Winds.1080p.HDTV.x264-aFi[rarbg]
cfe145c97f36926c5085239f4e78347963143eb7	14154279	5	PARALLELS DESKTOP BUSINESS EDITION 13.3.1.x + Crack [Crackzsoft]
d0e5dc28ad02afa11569fa387acd2b4b26178969	1916072165	1	함께 있을 수 있다면 Ensemble, C'Est Tout.Hunting And Gathering.2020.1080p.KOR.HEVC.AAC-JTC
d1db45f8167aa9cbca77aace24ac6a57c89d5375	6818614195	5	ipx-628-C
d199e678313b9af66eda2728c89741f58b7e7c91	11491963992	66	[HotKaz.net]_My Pickup Girls
d24708958874e1c8bea307d451a71186358b21c0	3435283404	1	Love.Alarm.S02E04.MULTi.1080p.WEB.H264-TiMEKiLL[eztv.re].mkv
d4a9b412843e000d90fe2648717d4ffd28c10dd2	14154279	5	Jazler 2.8.1.0
d5f9036d22b1c47c952de7df28f7be9a6cf38682	14154279	5	Venus Retouch Panel 2.0.0 Multilingual for Photoshop + Medicine[
d57cd21b4964a0aef753b416411528b052274eb0	136489218976	90	Spartacus.War.of.the.Damned.S03.1080p.BDRemux.2xRus.Eng
d5897c0357cb4cb2d6ac16770355561ff5639fcb	230302412	13	【猪头爱爱】【SEX8.cc】 韩国江南小情侣性爱自拍 可爱MM超淫荡叫声
d603d2a195484a6b8470e91797b17afcaf640327	14154279	5	Gold.Rush.The.Game-CODEX
d66b65d140d7f70805a9b8ca846d4836115ab62c	287416925	1	RKPrime.21.03.16.Tru.Kait.Coat.Room.Romp.XXX.480p.MP4-XXX
d600dceffd9c61627e885d2d90426ebf2497b0a1	435948233	1	Takizawa mai Reiko Kikukawa in a group asian orgy fuck Lots of naked girls and their hairy pussies PIR@TE
d64867d39b69140cf825463607ac50c779b1fcc6	678244597	1	53.zip
d7a9e22cdb79a0a2a8acdf5fab7f3e3cca8bf873	14154279	5	EaseUS Data Recovery Wizard Technician 13.3+Patch
d8eeb4431a97cac45747a5a6d8735a26134fef09	14154279	5	Catia 5.21 Portable [hispargentino]
d8ae25696363536b53dc2bd075c9bb3a0c0b6046	14154279	5	Unravel Two-CODEX
d8853c4c773dd37ce642e716f714a3a7a985bcc1	212762894	2	EroticSpice.21.03.16.Jureka.Del.Mar.Cheating.Asian.Girl.Thrilled.By.BBC.XXX.720p.WEB.x264-GalaXXXy[XvX]
da0c1a6cf49b16bf0f9cdb8e0094446bdec9fb18	14154279	5	Siemens.Solid.Edge.ST9.Multilang-SSQ
da6d5d35a5374c6d93d0e704acc87ba78bad001b	14154279	5	the-sims4-full-cracked-RELOADED-incl-all-DLC+updates-multi17
dc6669e43b069cc06eb98c73438581b8ce4c7e25	1097710294	6	34
dc2839a53fee93b94116a2cc6203c9043e4cf83f	660029925	30	10.AllInternal - Liv Revamped
dc7c51bb1b0ada7ba4f4155a4aebe507b9e88c62	993146707	14	HEYZO 0707 美脚自慢COSPLAY 角色扮演兔女郎快樂 極上美乳美女百合川さらSara
dc9a3d332b4b423e6ef0cb36e28c2760fa321e9b	14154279	5	The Universim v0.43
dde7d9cd06ec05b3c55d4f1a074a18e11edfbfbf	14154279	5	Need.for.Speed.Hot.Pursuit-RELOADED
decfb3e78ae2787b3505850effd7fe286940e930	14154279	5	Impact Soundworks Shreddage 2 KONTAKT - MAGNETRiXX [deepstatus][
de073e324eaa25754a5a1b16c1e6c4b5f5ab5691	14154279	5	Remnant From the Ashes (Build 248020+10 DLC)
df9584adee6b8b4f9546e3bbd53eee266dcd4ca4	4780688841	5	【天下足球网www.txzqw.me】3月16日 2020-21赛季NBA常规赛 尼克斯VS篮网 腾讯高清国语 720P MKV GB
e09fda829b22053505ac181af93f2df72d938460	14154279	5	Icecream Screen Recorder Pro - v6 16 + Activator
e09b5b15464fc6785a7bd7e7b4d430e1197e6377	14154279	5	Bluebeam PDF Revu eXtreme 12.5.0 + Patch MPT
e0442d225f6444fb59271f4cda17f3bdcbf523e3	869584923	1	Romeo.E.Giulietta.1x01.Epoisodio.1.ITA.WEBRIp.x264-UBi.mkv
e18635c8ee8ee1f0c3a017a663b4e8ad376a9904	5614727855	1	Wolverhampton Wanderers - Liverpool 15.03.2021.mkv
e136e5dfc56b012ed67497681025c8ea5e023c63	131989720	13	七星夜@第一会所@借金姉妹 第二章
e2af7654996811a353fa0c5996f1d17f0767ba37	14154279	5	Lumion Pro - v10 0 1 (x64) + Patch
e26a142469178d9cf51807abb45357e1188ec794	14154279	5	KMSpico 10.3 FINAL RELEASE
e2e788e9f439e0200b1605f3aea0e48f50a106f8	1388314667	25	SDDE-644C
e3cafd02616b320cec2345db04c6aa1a8a1cd669	467113320	6	10
e358c6f5b3873b791df00f74a6ee4179bbab55a0	227896392	1	X-Angels.21.03.15.Kristi.XXX.480p.MP4-XXX
e3ddbfcfd14a6f088ef6b578c92cda2131dfe5ad	957281334	1	(同人CG集) [雨ふりキャンバス] 淫乱アプリで即ドスケベ化！？自由に膣内射精できちゃう生活!!.zip
e48977136d724354e71372f6cdea472f1dc97f10	26779743	7	疯传富婆和干儿子操逼激情淫乱对白淫荡刺激
e4aeed6d48ea8e03de09efb940fe42239467715e	1063511891	1	Colette.15.11.10.Caprice.And.Sara.Luvv.The.Swingers.XXX.1080p.MP4-KTR[N1C]
e46d5c8a9c9831ddd0d4133d5e88dc939b169edc	14154279	5	Waves.Complete.v8.0.11-AiR
e565aeb760faa4d386ec69c75b42a186b2508c03	1009730122	1	black.lightning.s04e06.720p.hdtv.x264-syncopy[eztv.re].mkv
e595c3333f1fd6b150bdd6447f5f13c84a1e0e72	416436934	2	JacquieEtMichelTV.21.03.16.Agnes.The.Crazy.Anal.Teacher.FRENCH.XXX.720p.WEB.x264-GalaXXXy[XvX]
e646624defb78f2598ff5a5dd4db00802068f48d	393111074	1	6.zip
e62b72cb064fa8ccf50b938d550e67266c7d5bcf	14154279	5	KovaaK.2.0-TiNYiSO
e8205383c944e3a92a753ef08d91830b4a88af16	14154279	5	RimWorld (1.1.2618 + DLC) [GOG]
e85e847d520779dac36105763c15d811b504a256	1256320576	76	UGUG076_CAVI
e9bf1b2c98b6bba0dda0f662173b32ba3690f316	2551759603	6	22
e9ed1fa1932188890850cbf26fcac19e8f75527f	14154279	5	Mavis Beacon Teaches Typing Platinum 20
eae55811a47a51ab20f7f154cae8963024070155	1222418242	2	When.Calls.the.Heart.S08E03.From.The.Ashes.720p.AMZN.WEBRip.DDP5.1.x264-NTb[TGx]
ea222df6149090701ccdf22f5979deea7d56b560	14154279	5	Every font from Google Fonts 1-31-2014
eaaf1ddf7ff61b3ffa0b1cb7309f90f7eb7ccd89	14154279	5	Darkwood x64 [GOG]
eba488c10d11adaa8618b253b18559f1c071e202	569614519	1	57.zip
ebf965c0e3114865f86cd43015f7583fe6f28b66	473679890	30	27.BrazzersExxtra - Gabriella Paltrova - Dirty Double Cross
ece0e9dbc2a069c476829a90dfcc7ff048674929	3193683999	6	25
ec97c68b6e8aea0bb383928e41a0fb09bb369b3e	377451022	6	HGC_3677
ec4799263386f44a9679bd2a2f14f35a455bfd4d	479089915	7	olo@SIS001@Ass Parade - Rose Monroe（爆乳.豐臀.劇情）
ecc70ab89cf9dabf11ca987cba4b6b90154a78ae	14154279	5	Adobe Prelude CC 2019 8.1.0.139 (x64) Multilingual Pre-Activated
ed32139c72336b30df2ba7dddc260121ffc7c89a	2166252031	9	olo@SIS001@0316-精品合集-01
ee7d732e7057d1e3d164f9635f6e4b4c967fb90b	2599256989	1	[ OxTorrent.tv ] Body.Brokers.2021.1080p.FRENCH.WEBRiP.LD.x264-CZ530.mkv
ee9f284623de36386333fb81ee60ec0ff1851528	1945797300	42	muramura-102814_148-HD
ee7fa278c0d468611ce0912b25c86d170db1fbba	14154279	5	Mastercam 2018 x64
eee9177376ceba22a2790448c2b62d0cd1aea4da	91201814	1	[Kamigami] Haikyuu!! - 02 [1280×720 x264 AAC Sub(Cht,Jap)].mp4
ee69525a19df5a3f5b2980fec73181996a2ab1e2	1073930763	6	DASD-733
efe005c53242e4b14e52e8d7b0ec5f246a031003	799830414	12	HJD_3655
efd1481822aa9a3e0b4e49e11ebfdb838dbcdbb3	14543892	2	Zombie Army 4 Dead War (v2020.10.21 + 33 DLCs + Crackfix V1-V2, MULTi12)
ef3a84b9e1b42c4dc532803c9e9011a0480b0df7	7311689722	7810	Treasure of Nadia
f0f5fa80f5926d2ebcf36e3b731838f7573e7baf	699886277	6	HGC_3668
f0a5bec41bddd81df6c375f360fae2b7ff1aa8d8	943643977	1	Batwoman (2019) S02E07 (1080p AMZN WEB-DL x265 HEVC 10bit DDP 5.1 Vyndros)
f1b1dcc09e8db51a7d574710991deb588ee96934	45648900	3	和在闽北职院当教师的女友晓禾爱爱
f1e5480b3224403030d871c7832967dcd7a38073	14154279	5	Prodeus BETA
f141e12f27a7597eff9aad69ff11e2fa04a8a9c8	14154279	5	Terminator Resistance (2019) [Multi-PL] [.iso] RePac by Xatab
f2e34098ea0724b99812686422e24ad020410d20	649994072	9	olo@SIS001@0316-精品合集-08
f2993bd5abf7fd2ea891f5a5ca05f22b5169fa21	14154279	5	Transport Fever 2 - PLAZA
f2a7e448ea518fa8dbe125c21a36fb4b6d7a1d39	5314899885	5	ipx-633-C
f22135d4ac5663bc353043216554938481d41b44	374689293	6	国产自拍 0304 (5)
f2a6f071507911cdeffb63e171d2bbee4d8cd352	14154279	5	Quicken Legal Business Pro 15.6.0.3613
f2d9e3eeeb9e705f43f04518b1911bf68875b1a9	14154279	5	Catherine Classic-CODEX
f22b09a6d06298183bc472768d6086ae5834b7c7	293958160	24	46
f210283068d52a8a67d7caa4e5d696151f65aadc	2372755314	5	393otim-065-C
f251dec078f688d24ea4cbe894c73dadb5f103f6	553841312	41	機動戦士ガンダム 40th Anniversary BEST ANIME MIX
f3a060a2190c0d338ee9dac4bb431607e45458d6	3380293666	2	Revolver.2005.720p.BRRip.XviD.AC3-RARBG
f4ad3a64f22d2a9a156456b77f1d122045233ab6	2222964640	1	むちむち教師が愛の濃厚耳舐め授業♡【実写ASMREar licking】 - 20210314(日) 2330開始 - ニコニコ生放送.ts
f50e76c5df2bd96d2345753b5449179dbdbc2627	45361840	1	[March_2014] [alltimenudes] 2 Mature Woman Fuck 3 Boys Pedo Orgy Pthc Hussyfan.rar
f5ef9a68d97d1b9761b7268fb126a39b5ef26e37	1297042279	6	ATID-444
f519e09044ac85362350eaeabf7e4a9cf45b7565	14543892	2	HDClone.Professional x86 - x64 v9.0.11 Portable
f636f12e9aed22a7a858522d0187dd8ec81bed02	285496990	1	gachin娘!-gachi1007-實錄真實面試98-惠-無碼中文字幕.mp4
f65e3a43eae5c64e99095a0188ac1a7afad7714b	1076840730	6	ADN-265
f6247fae20359ca224c2c4e42752bf895575ceeb	505845746	5	黑吊高端探花 光头眼镜老哥约了个颜值不错妹子，近距离拍摄口交舔弄
f77f02833e67e3adacc54c02ef116664ee13eba3	14154279	5	Cake Mania - To the Max - Full PreCracked - Foxy Games
f8284b2d6bfade0b0496aa70f49a47170b545d0a	265520547	6	HGC_3682
f8cade78f249584682d28f75860587c2ed71f42a	14154279	5	Syntheway Magnus Choir 1.5 VST
f85f2292af2a772a047016a7d50c2215eca12b97	1454063140	3	This.Aint.Avatar.XXX.DVDRip.XviD
f8fcd9858ec8f71abbae640391ba58b22f17bcad	117116832	1	[エレクトさわる] おっぱインフィニティ∞! [中国翻訳].zip
f845181ead74df6d3c4fa494b65f9b672f6b93b3	14154279	5	GOM Player Plus v2.3.52.5316 (x64) + Patch
f95bd5305b97f4b8deede2772e5d7a6ce1552e0a	14154279	5	Adobe Photoshop CC - 2019 v20 0 9 (x64x86) Final Patched
f9514b6cc696bb85c9bb0885fbf0c1e30c540471	14154279	5	3Planesoft 3D Screensavers + serials
fa5a968770b667399dd1283a13396f0e48890b85	138520983	1	Bob.Hearts.Abishola.S02E12.720p.HEVC.x265-MeGusta[eztv.re].mkv
fa2649076b8df9e2ed0aba60f3fd2a30a26fb9d7	14154279	5	DeskProto + patch - Crackingpatching
fad2276c7167ed31aa20ac08166b372c642fb6ff	14154279	5	Corel PaintShop Pro 2021 v23.0(x64)+Crack
fb08ec0186f55e2263d51b0e02a539350d135394	14154279	5	Internet DoWnload Manager - v6 37 Build 14 + Patch
fc6e539164218007a8f04ce0ba28156161f6d145	14543892	2	Assassin's Creed Odyssey - Deluxe Edition (v1.0.6 + 3 DLCs, MULTi15)
fc8aaa21644106c286d45c00adb7b2547745fcdf	14154279	5	Macmillan.English.Dictionary.for.Advanced.Learners.2nd.Edition (
fdde19aee384160b9832790d615db4480aa4d069	14154279	5	Wondershare Filmora - 9 5 0 21 incl Patch
fed81aeeaef9490dd5801739a304aafe34a6d453	345392092	12	HJD_3687
ffa3d85d4a6b006aadac80be364816632f619b0c	271062122	2	Debris.S01E03.HDTV.x264-PHOENiX[TGx]
ff18002e62fd3780ac1b6c8e7986342843bfc436	1353694766	165	35
ffaa5f67c3a846900b8e787c096816d6a5e7d362	4548083390	92	The Sixth Sense [1999] [DVDR] -KingenxD
ffee6022a0d568a0e553696c46eb475235ee837f	1830063106	30	scpx00286
