03d5cd7e4f7597ac07dfce51a5463a015b468b8b	2674707559	36	SHKD-713-uncensored-HD
05fcb5d5a5a2eab6b23c96674e989fb499532a9e	13182407	1	约草性感红色包臀裙邻家美少妇 后入连续抽插 高潮白浆溢出
07836295313307cae6b42336a87c5609aaffbeed	38231303	1	雪儿r粉 约了个男粉丝到残疾人洗手间里直播，一顿抱头大鸡巴插嘴 几次差点搞吐女主播！
0bdd975ac230ddd9676236ee93b94928f9a801a3	3339362676	36	SSNI-675-uncensored-HD
165a4402511dbc649b79b340de9d84fc14f6aea7	273052216	1	JUY-596
230b65746ce24355e73a33cff073ce6344d55006	2036240188	36	C0930-ki210415-HD
314565f952498be8383d5a00995920ffbd8ab363	2465737536	36	fc2-ppv-1765021-HD
36f00626ec6626decabcc559214b065773f89426	2127375814	36	H4610-ki210418-HD
39c59b2fe67589a9944443746656f50f1e50d414	60889027	1	东北小青年铁哥们组团会所嫖J黑网苗条女技师车轮战上下洞齐开干的哎呀直叫唤对白精彩
3c373eab87ee9f04a2b24cf8efa74914bf35ea6d	2362296818	36	C0930-ki210417-HD
3f8d750419faff2df6a7078ef1555d72958db45c	4684589183	36	SNIS-785-uncensored-HD
43557e90af9d3979bdf6c6406bea3ae217d38a2c	3925499988	36	SSNI-009-uncensored-HD
458da73d36718c739ab22180e25fd47f0f4fbf7d	1904234963	36	fc2-ppv-1764598-HD
45f3fcada2c1694258baf892eb11114f9e6405c9	25717131	1	纹身男爆草漂亮女友第二部～完美露脸～清晨干一炮 一天好心情
4d77c3651029038d5c51773599c9667f3e0a9e7a	2214270235	36	fc2-ppv-1763783-HD
52c03eb1a4e5c47ff37d4d242fe7e4808416a52f	2331735126	36	heydouga-4030-2425-HD
5218f40a57873d6af1b1e2e94dc31c37bb89a477	32978913	1	年纪不大清纯漂亮长腿妹妹直播大秀 先直播剃阴毛 然后自慰
548b556655d460c45e35e2e49dfffd77b0597e35	9334882304	2	Windows 8.1 Pro vl x64-x86 [ v.15.12 ] by DDGroup [ Ru ]
5429a8184282f17e271e329ed809bcdfe2f49d7c	4242072879	36	SDAB-001-uncensored-HD
5a90c03d43fb771ff2a3ae1c6a0da6fbd880a476	59013259	1	超级骚的大波美女直播赤裸洗澡 一直抓着自己的粉嫩大胸呻吟的叫 啊 好大的胸 你要摸摸吗
5c908484e00897bca09337b9cffb1874e04b6471	2386728	4	Christoph Ransmayr - Atlas van een bange man. NL Ebook. DMT
6bd3a2814761b6776ad39a9f24bca16ac978dca9	310107089	3	SheSeducedMe.21.04.19.Jessie.Saint.And.Lilly.Bell.Thinking.Of.You.XXX.SD.MP4-KLEENEX
76b470569c4205f10b99294298c6679d1d58f623	1934953000	36	C0930-tk0032-HD
8125c1138a0e0a826180bc26c217d8a22e074aa8	175150837	1	star-903.mp4
842d02062a7ffc9d3397a02e6bf4659b0714b34d	3322978886	36	RBD-794-uncensored-HD
8414694d49fe55c6065ed92265160c3c48fc61e7	3306266165	36	RBD-788-uncensored-HD
87a75caa0139eda17258cb98a5fe8b3c3fdf7623	2221908865	36	heydouga-4030-2426-HD
8c066fe42f0693876fd8098d4e7735c424543509	36357099	1	超极品大美女，车内自慰勾引我晚上开房，我该何去何从啊
94afb5faf45c20465466c0f62f5b71dc4fb0e05c	113499121	1	长得特像明星颜值皮肤嫩白的小姐姐与男友自拍爱爱还想试震蛋
9bc0b4b963ea4647725d0ae2ed403de9bddcebcd	1741270732	36	H4610-ori1754-HD
9c70c339ef4214a7d488b39e9e905a7e2ee2cfaa	36031272	1	精品推荐 年纪很小绑着双马尾的妹子穿着情趣白纱勾引你的神经 不停的放自己的小片让狼友刷跑车
9fc5cd2fca4f935ccc81db100c48d535cd0c0c42	4998204635	36	IPZ-413-uncensored-HD
a45aa8246dcf7c3ae67b5e131f32d3e12307d863	44713230	1	精品魔鬼身材的极品援交女一看就是花大价钱搞来的，宾馆里面尻干了一夜呻吟声都入骨
a9046b434cb69bcced5f5d2c8312506fc5d56444	3358773280	36	MIDE-866-uncensored-HD
af1f6c0fff47a7d8b6d8cbd7d60d198845cde356	39975816	1	这哥们性福操了个大高个小女友 看起来嘴大却逼紧 小腹有力能夹 还会撒娇
b196985f0dd9c432b909d419484c88ca220f5f1d	659011911	5	Corel PaintShop Pro X9 (20190816)+ Patch
c3e540e9a5224fa235c5564f6c162f9518e35666	1714720540	36	fc2-ppv-1763753-HD
c67d22382a4ee235fdcb34da08990000854b18e8	3092371150	36	RBD-764-uncensored-HD
c82c1d91744d673d4bab31d40ff4a9af9e78df2e	2918497655	1	野战正规军野外吃着小烧烤顺便勾搭个农民大叔野地大哥小炮
db9b82e96dd915a3e48f9f269eb2e16328383c4a	3283267821	36	RBD-777-uncensored-HD
e336945a6be1c36ebd7419434006ca9a93661f05	2073087722	36	H4610-ki210415-HD
e98d90944d8de0188166e34711d7b7aa403c1922	285182440	1	nacr-134
e918c318835c4fe09555ff91b7cd127e3719db5d	16313333	1	【泰国红灯区探花】眼镜小伙酒店约上门兼职妹，高挑长腿颜值高，漂亮温柔体贴干得爽，体力强干得妹子瘫在床上
ec0584b4d874a1ea3802e2ff43f5d1e0f1c53dc6	1903652667	36	fc2-ppv-1754740-HD
ee8920c9987b500533c0010159f74cb31d41da2e	397385508	1	Shrek's Yule Log (2010) [Rus,Eng] DVDRip 480p.mkv
f88bacd91d2c982f1e358263f284255c6f654411	46249388	1	推特投稿福利整理 网络反差婊系列
