0c93c735a475feebd36236cb2b969165c5356354	904121316	147	1912_shortworks_0906_librivox
0cf7b4b6d021de293965cde6f7b663f9dcb9efe1	496960311	7	薄毛のマジかわロリータ　高橋さやか
146c8c41b0cf6e9996ce15cd9c90defefb8223e1	3880037354	36	SDAB-169.HD
1b6604e770c936fcb44ced5177d53a51c23fb17c	980680704	11	KIL-004
23fb05182fd904434a18d6acc13a07591daa89b6	7459888448	37	DNW-113.HD
2d25f0a234eb903fc0360d9445bfb63e8c4911d2	1746946091	27	Christy Kee 15-40 + VIP
2ea2fb8a4aa3f19c1979809aac669a43186cec2a	595883179	4	Chris.Porter.A.Man.From.Kansas.2019.WEBRip.x264-ION10
324294554da2ec579addd0db1d15ae1806f1e6c3	1939829957	1	BLK-446
34687669c2dc6805f238baeac8c3bb325ebf5964	10366842158	8	[Озвучка SOFTBOX] Время
359484649be4de1166e5e5ab5caafd3763ebd6b9	64847694	15	[99杏]假期和高三女友家中激情做爱各式姿势一顿乱操安全期不带套直接内射妹纸很害羞完美露脸--更多视频访问[99s05.xyz]
419e8b9d31b9a92e96ca9d085f4160042dd64e67	1923862794	1	JUFD-493.mp4
441953e91a4a9e103c6e6c94893ce957743daa46	4068290103	36	300MIUM-692.HD
4c749bad1b5c728ca45ff2677c9baa941f6c6a53	2510318408	36	300NTK-534.HD
527d5e1e5dad1736e269cbe7504e014ec1c3c4f6	6775528613	36	JAC-016.HD
5271e107a74c8e011f57a9adebd20e97253d57ff	292956426	1	Stevie Lix - Milfy Milfs, Scene 3 - Wicked.mp4
599eaa1144695ef5424670b1c2d2288f4a84d393	1448163958	61	JUC563MP4
5f84eb5f4b910c5a93d5d837e09b1c8ae3a60592	1201281500	5	lameizi@爱城@S2M-041- Encore 菅野みいな~神級爆乳初解禁～爆乳逆中出しソープ嬢～
681991283566d98310d5fe0aee1786e1c5d84ae2	6221163255	24	Cats (1998) Ultimate Edition DVD9 NTSC disc 1
7250e2f48a8e93284903984206032f0f14c87233	3810516214	36	STARS-343.HD
77873914f67cfe2032c0ff5f3cbcf79c79fd949a	2855146690	11	[AniMaunt] Horimiya
7e7324cdb2765afb07e298721c5ab6c32d083999	1221564369	53	YAL040AVI
8152d04048dd1fdea6a6e6e7d482649ceec18ef4	1562633125	2	Воздушный бой_2020_BDRip
8638e1ba85e2460f3ed1676c4a8865da6437bd06	42773500	176	[HQ] Lindsay Lohan Sexy Pics
861d5bd9524a22181d6b79e106cebaef251a8699	3531079802	7	巴霍巴利王(上).Baahubali.The.Beginning.2015.BD720P.X264.AAC.Hindi.CHS-ENG.Mp4Ba
8b1c1a1dc0b65a9a5f0004faccff25b18deb7a08	29093966	3	Murzilka2021
92e9c908ffffff3179c22bb1243dd1a72afce946	4154597118	36	SHKD-937.HD
92e9e24f4087a443a370762ca6579f7ec8c1bf5a	1476710367	1	极品身材175长腿美少妇『哑妹求干』和两东北猛男3P轮操 极品骚货炮架子 疯了一样的骑乘 都快要操飞了
a0dbbcffa843326434be1bfcb37c5a8525ba3504	1009835189	28	Stitch_magazine
a002131124de4b4c69666cdf9f426e10c506fc9b	58236934	1	[Nantara Kantara (Shungiku Tenudon)] Prince of Wales ni Taberaretai (Azur Lane) [Chinese] [胸垫汉化组] [Digital].zip.zip
a6b60c626542aad9e6150abb8b99f01da58764c5	3578282342	9	第一會所新片@SIS001@(BeFree)(BF-385)お嬢様女子大生_ナマ中出しテニスサークル_川奈まり
a8f3530e54ad4bf4d67a6f21b5dc772af068ac37	4721861559	36	NHDTB-504.HD
a891d466825a1c68f6bd8f74fb313b20feeabde4	1339368343	50	SON116C
b5b6262da199417b147b3e8f7510da5e241ed81c	1490762925	4	Gavagai.2016.1080p.WEBRip.x265-RARBG
b5d98dab2384ceb185f71342cece9752f2879e46	13204799836	39	OFJE-303.HD
b8c17fbba1c6dab6073e4ad77fdf17de50de5b7c	2230845456	5	[养鬼吃人10：审判][BluRay-720P.MKV][2.07GB][中英字幕]
bc14b349ecdc891284f5ac50929ed361065e9c56	18871832	1	草榴社區@台灣經典無碼A片 七仙女思春
bcbbbc56b3d28d619cfd0010fc20109d0948a1ff	3486079285	36	MXGS-1177.HD
c138be0a2f36719c7b2df6f6579d8b4bc1974620	148631312	16	[2013] lwpss - selcted wrks 10-13 [320]
d09ef7cd9a42057bc6e42f0a12c1f8eb9ffa4fa3	1510119886	2	Tremors.A.Cold.Day.in.Hell.2018.BRRip.XviD.AC3-XVID
d6bd5dbb494764fa78022370538ae846907d0156	6237722094	2	Retro.Rockets-CODEX
d8a290e728714b38d18da69cba16a42e748d94d9	2605492614	4	2018 the World Cup in Russia [1080P] 6月14日 —— 世界杯揭幕战 俄罗斯 - 沙特--懒人@HQC
daa89f8c6a14572db05e8c18435da8059c2613e1	1296327122	198	jrzd840
e39134a40c9dce5692b98080a062e6f3c9d116ed	1740357373	142	DVDES403MP4
e90d5b717b810a0ee2b4b86a4f518cab168eb1ce	3750350874	36	SDNM-270.HD
ec8a9d45daa81d9b846b9d08a70aa8888abbfd2d	2162297256	36	383REIW-034.HD
f8d85de3aed915ba6412aa8571e5ff3489a40998	3881505553	36	STARS-347.HD
fae5cb84f33a07f357a09e279b41c2fa9d81c8c8	2621529728	8	For.A.Good.Time.Call.2012.UNRATED.1080p.BDRiP.x264.AC3-26K
