0723b368c8f3d212169bb0c4ca236fe7b78dd014	3483444069	36	IPX-587_CH.HD
08dcbc7bc5b8e63ba9dda3ebc943d1f2ccc18412	4493819558	36	300MIUM-687.HD
169ff6ec092d876e1c6eb30012c15beb048566c5	3350575299	36	IPX-642.HD
27b0e94370ddf688991f83da71026e9ae6c45303	3297851313	36	IPX-640.HD
31a6506ae3b28d936acf8c7fea2d2c1572fb0571	3346573495	36	FSDSS-202.HD
3cf183b6184a6e30189271dff9aef9018f98b9ca	108998568	14	VA_Lounge_Del_Mare_vol.2_Chillout Cafe Pearls_2008
502576d474e17b6e873284abbfa3c9c2dc63c0e6	1525447662	1	MyPreggo.Alyssa.Set.11.XXX.2160p.MP4-YAPG
526db5d89bb33490314c61a7b0bdf6fd1c035696	2655587151	36	326SCP-027.HD
5bd99f0914bb0ef45c15339830c8f21b58aa2a8d	3696764261	23	1-7-22-5 共有少女鬼イカセ 月野美羽
616e030843b5b014c47144417fc42bae70622fd3	5839706922	36	ABW-078.HD
6ad9f7d8850d0c6f9aacbe21b1ff820ee657c2d1	3324473242	36	IPX-638.HD
72c5f474d44c3b5f8ae2edea4dbe77c75cce94fa	8567629871	36	390JAC-083.HD
74fafb8ec4a8e0370d510224820367cc5e2fc552	3280896709	36	MIAA-367_CH.HD
79fd9b6128eda1d0230d5025e8dde0d302170dcd	2759954452	36	300NTK-543.HD
7f1d23750e87cafc3c682efcef5b684f0d8bd17a	2742116987	36	345SIMM-626.HD
89610b166d2d7674f2c6269da4cc5ef899154920	3336114308	36	IPX-585_CH.HD
8b84ef9d6010a1568f6656b643f484a4a52e8bdc	3246459785	36	DASD-844.HD
908699dfc07b42b0fa0b4b58749c7a6016ded348	3392795259	36	FSDSS-200.HD
95257f8c3912366266cfb25e77e81f381a8cd8a4	3782110112	36	JUL-409_CH.HD
96c72a32b33f50197ac1a315a881ed3c06373087	4143208440	36	IPX-643.HD
9c7fc314135c2109719c846d573bad447e8f8940	964428601	10	HGC@4693-哈喽KT情趣套房TP黝黑哥和白嫩少妇还带个大棒棒来玩女的和摄像头零接触居然没有发现
9cb1165038ff8a45c1122cef4e608ca503808988	3288380583	36	DASD-845.HD
ac184a94866678f77eafcbea8385d7ea4d5aae35	3733950327	36	DIC-085.HD
bf560cd7e06f78e67c7b901d2c1de9d9ccead7e7	190798129	4	DiaryofaNanny.Alexis.Adams.mp4s
c4b51978bda04cb4cd1aaf84cb44e533c25723a2	3371906565	36	JUL-407_CH.HD
c6d6670a59d44786e7d3cd9f26408d53a8176c54	24582963975	157	灼眼的夏娜合集【BDrip720P】
ccec40c04bd6dcfae43b2619f193e66dc5357e9f	4204837142	36	JUFE-276.HD
e3f66aeae34655a33be36d727939e3299ef4eadd	3342819361	36	MIAA-366_CH.HD
ea14cb640b441f54f040147a2e3dc1111eb7cb27	3402738116	36	FSDSS-198.HD
eabf414222c540a691a81ea5f058ab9bcc2eeca1	3345975857	36	DASD-843.HD
ef8bbafdc99b087670569774d41fb6cf841b0321	3892620875	36	EBOD-814.HD
ef5008ab694687074830ac54819a0bd196e75160	2484827750	36	326EVA-152.HD
f7ce64767a36dd469f1d4e8568f3b95399295949	3353222941	36	IPX-586_CH.HD
