07380705fa684e753971d091932d2d88e2dd0786	3392041622	4	FTVGirls.21.04.06.Kara.Fitness.Girl.Exposed.XXX.1080p.MP4-NBQ[rarbg]
10c3b0851fb6d42b3d5aca5c0429623720c93479	2262860708	5	18
26d62c791451e6f11d2b38ddfcf47c2fe2d9ab40	1039899266	3	#_VRTM089
2dd1ed029985c609245a365a5e04a4a63a78ee02	178642825	1	hunta-470.mp4
2d65fda702482e38a672f1e133f9d22658b24f51	113411477	12	Secuestrado - 2021 - Even Now
3f1f1fead441411992a3846610ffc43f55c77815	9917431808	192	BaroqueYugandaMousouPS1SLPM86328NTSCJ
4b54853ef51d161a051fbd164a2601b6527eb188	358675262	2	PervMom.21.02.28.Kayla.Paige.A.Little.Something.For.Stepmom.XXX.720p.HEVC.x265.PRT
718d1615eb432bc13ffe9d8655ba733979e3ac4a	1539427913	3	Debris.S01E06.720p.WEB.H264-GLHF[TGx]
7635cd3ff67e58d761564d3f287f1d96d288329a	30356158980	120	BMW Road Map North America EVO 2020-1
7e5a67f742c9ac485f85be8e692d9b11b35552e2	3401967616	12	Sora no Otoshimono Forte
94ffd597f52b7f68187e8f7fc724b570cb5b59fa	300358043	8	French composers conduct (2009)
9a978eb44bb96f885c1daa7778677f132ab559bb	977923292	5	Pure Taboo - The Last House On The Right
a88e2ce7a433f4a7d82f8a24caaca241d3692b8a	1388600583	212	Cloud Nothings
b14d9a1fefac4772e818304b3af0e79e289c5d2b	169408660	1	JUY-722-C
b8eb174d26529648142757bb5b164a8216697baf	20428947	30	Beautiful Celebrities Wallpapers {Pack-78}
b98bdb1d603c51270bd4350ef11ebeb47ec370bd	169408660	1	CESD-910-HD
ef1a71eea8e1e1c52b000c3d9793c7f2cf308710	417942	1	ba20ec5a1f2b
f9d58d1402c3344cf75080de2666d15353cbf26f	290415744	1	pred-245
