0223f34631699b0a7fdf7deac8532fdce3a98809	419018729	9	K咻@www.sexinsex.net@SOE-465
02ddb015b1ec2c4a0510b17035620be8cb8896b6	331822046	12	Carmen - The Gypsies - 1976 (2007 Air Mail Archive) [CD FLAC]
07f5f83f81a1955d25d0e2e6972072ff01d43035	14154279	5	Python 3.1.2 [Windows] [2010] [GuruFuel]
08af22d2457f372d5e432ae2ca4c69a7075b450f	6319016168	437	PennyPetite
0991b61502361cc7c7b6ac1a0f53101bee3745d2	367082440	1	04.HH.basb.mp4
0c0a2df57d7be9f3b8b2fed7fe73c8a8f7917c1b	14154279	5	PS1 Emulator + Games
0c27c8431e23507c81d68572320080218f46812a	1043698995	127	BCDP087C
1b295cac267e48d8d9433d54d417691cce6a545c	2561486872	4	BangBrosClips.21.03.16.Evelin.Stone.XXX.1080p.MP4-WRB[rarbg]
228a3046f63ba1f23022032f67c4a382704c527e	1161096407	5	Every Which Way She Can (1982)
2379d258a8477f4478af8f42f58707b717237797	626001963	15	stilllafe@www.SexInSex.net@(S&W)羞恥！強制潮吹きマシンパンツで街中を引き廻せ11 月野りさ
2409ab3a929cb2f5ab7ff75034e6e8a87a074980	179715955	1	Hot blonde Aleska Diamond getting Double Penetration and anal creampie PIR@TE
2479dc656f1463f958d5f5158d93f73eb5342cb0	86624177	1	screwbox.18.01.07.olivia.austin.knock.out[tk][480p].mp4
251bbb2144cc7192e65fc545b127e6c6ca0bc048	146844993	1	[3D Hentai] Handjob and Titsjob [UNCENSORED].avi
266215515013dfb4945cd53160a1e4d38f808164	1280289792	1	SDMT350.avi
2725c61c43d1c15f6b5d9edc8c92a13b08b18166	403889684	1	山河剑心10.mp4
2ac9c691c2f748d470ce9920ea36a81b36761375	2839141969	13	stars00330
2a2a62d847aa9ee56a82bf89c2adac86b73d5286	785134725	4	Otosan.E05.720p.FIX字幕侠
2aae4eef17ec8a1c9b7434299de863c693b91286	1963407521	5	031621-001-carib
2eed596dff6548f9d0e7f18d54d1eb171135334f	14154279	5	WinRAR x86 (32 bit) 6.00 beta 1 incl Patch [CrackingPatching]
2f0102f98b68fc98ab176568313781865d66e62b	1173790024	1	IPZ-950
30019421291891bea5d6a68e01d4b72913e2d96b	2901608161	1	2018_US_Open_Round_01_Polansky_ZverevA.mkv
309c5150835a81934e0c656a5292729a8acdf181	2087620366	4	fc2ppv-1063242
316267399d846546c56a0025775703b633f84368	4531322066	5	mxgs-1174
34049f0ece31e8db322c10ded14568bd7454eded	1478595457	3	chikan@T66Y@ipn-009
3574f17728ce3f0c4ff6d60937b1f638d0d5b706	533539210	1	Heydouga 4017-PPV253-15.mp4
377ccf560499e16bdfeb407f0569d18540309d09	193284472	3	最新流出连锁快捷酒店偷拍断臂小伙和八字奶女友开房啪啪
394b7ce9ec7424e68e204f70515d6bca7c14a768	1024893074	30	VOSS029C
3a353d482e60ece6533b689e34b3cfc1eb6293ab	14154279	5	MICROSOFT.SQL.SERVER.2014.STANDARD.EDITION.X64-DVTiSO
3b3f5c26ca732a9c80e702620b47126452969d89	2817988712	2	Gnome.Alone.2017.720p.WEB-DL.DD5.1.H264-CMRG[TGx]
3cc90574d9227a33cd7f952c0ce7ed4128d61801	159397233	1	WetAndPissy.21.03.16.Sweet.Angelina.Ravishing.Redhead.XXX.480p.MP4-XXX
3e7993e933aab6872c9df32096a5068e63584c09	456811138	2	Babes.13.10.22.Jessa.Rhodes.The.Open.Rhodes.XXX.1080p.MP4-KTR
3ed0981c4211c01db3261d89d9466c2e5dab908d	890888618	10	26584_by_waikeung
3f7bae0ae83ea2bc45078334dd735932c4a9c250	576839606	1	Savannah.Bond.cumshot.amateur.bigdick.interracial.bikini.agrezoo.mp4
3f68cbce4d3e703d14bac04369087b065429f7b5	14154279	5	PassFab 4WinKey Ultimate v7.1.0.8 + Crack
417a655839935d9d61d16a4d1ac3823965738d0c	1620662956	1	JUFD-783
4237f0a37aef3fb9dadc054a8161b44bd00c6d20	26163901	2	Forza Horizon 4 Ultimate Edition-LOOTBOX
425ac173cd1963dae5fde15a3d6084a3dc7b2d97	3011127384	17	Titty Attack - Mina Moon
45ef15d651b56ca1d3b6f6c6d72b897dcf2b10e5	1819248409	4	Chicago Med - Temporada 4 [HDTV 720p][Cap.421][AC3 5.1 Casltellano][www.PCTmix.com]
4793a9e353ba8d7b48af45070ae2e6b3d86b3aee	49672411	3	风吟鸟唱黄金版极品外围摄影作品一字马边拍边操！掰开粉穴让你插入
480ee5f703a8100217f113fd83c3cb8c81933bad	1334581425	30	XVSR196C
48dd49ea7dc6c307c1d32e63023e7c35d239d0df	1464000960	2	PFES-024C
494937b49fa433b05562c3f98f392ea0ad01bc56	1571645440	1	Samurai Avenger The Blind Wolf [2009]DVDRip[Xvid]AC3 5.1[Eng]theone-1.avi
49ace26de568d4a0244a157c753034f6fd6899cc	1500153294	3	NUMA-004
4b5b7b445337a1dd51ee5bed9566db46ec00a637	1703674172	9	hodv-21372
4b009473eb5a7492498121a9e89b3031143deb5d	14154279	5	TechSmith SnagIt - 2020 1 3 Build 6046 x86 incl Keygen
4d30b6e137f563e2eda931600858ea29658e70c4	14543890	2	Tipard.Windows.Password.Reset.Ultimate.1.0.12.434.Portable
4ecfa5f1d44a7ca53bdd3dcb36fea5587209e05a	14154279	5	BB FlashBack Pro 5.41.0.4534 + Patch[BabuPC]
4e78e13f6c09a668ab24df351e9eef6fc73e94a5	1452784529	1	[Hi-Res][210316]富士葵 - シンビジウム[96kHz／24bit][FLAC].rar
4fd049c959de88497108f7e0a1851de4f32c3610	4753931343	14	Annat
4fa5dae95404c1e11f8aa84610bac9d4cce53b6a	2075085558	1	the.neighborhood.s03e12.1080p.web.h264-ggwp[eztv.re].mkv
52b3da75c14cf2e63baffc96a7df1b602dd17a37	5724385370	4	MEYD-578-C
5244462e2ec53e4b18b45be3516e6f4368f99045	6294358510	17	SDNM-270
52cddec592c1187c091173a397b79d84e9030d93	2080624768	1	heydouga4083-PPV358.mp4
574475e0c94e4c661dafc92962c07718b048e7c8	4399812340	17	1pondo-031621_001-FHD
58130ae2d6e36fce11d8802571b40c42c0516695	282515572	23	Various Artists - 2020 - Liquid Drum & Bass Sessions 2020 Vol 9 MP3
5b56aeb1567c96692f6484a6c1f1fb159ac59a54	63543587	1	[信长的忍者][Nobunaga no Shinobi][16][简日][1080P].mp4
5d3982122f9c62ad13374e03609abb98cff97620	123732669	1	Hot blonde Aleska Diamond getting Double Penetration and anal creampie.flv
5d347da89b871576960c2528116fa94cd454b025	934414197	1	SSNI-937.mp4
5de588270057b8c0a467dcad7d1a4a90b81efa82	209013112	3	小米解放第一弹幼儿园老师在酒店内随机找路人拍摄免费直播大放送
5e4d471617900f8f152d7ee1a793ceae688bfad2	14154279	5	Adobe Lightroom Classic - 2020 v9 2 1 (x64) Patched
60de2132c80fa3b4f9fb332c23fcf8bd962c8f8e	1329738788	211	31.atid348
61930425c19967590bd2d466da0db7331ea60823	279337057	1	23.zip
62579a73173c529b844300a70983ffef9c430629	619745443	17	【网曝门事件】浙江某大专因分手后被流出的小姐姐性爱私拍流出 浴室后入啪啪猛操 跪舔口爆 完美露脸 高清720P完整版
63573497b4ff4c4e8623fd075a2ac96bbf9af2be	95255173	1	[3D Hentai] Brutal Vampire Bath [UNCENSORED] HD.mp4
6454835c6e8be232e0461b3dc8518fab53613c1f	1305238945	20	【入微】SAMA532
65722f7c5acd615b105ad551e1237a99d424f562	412807725	1	Bailey Base - Baileys Shower Suck And Fuck - 021721.mp4
65c57c0b3c9102a4669bd8f97d25c9cf04106784	2196752672	4	TeamSkeetXReislin.21.03.16.Reislin.Favorite.Morning.Routine.XXX.1080p.MP4-WRB[rarbg]
655aae79f41faf2e56c80c11b29a7b148fe006ba	14154279	5	CorelDRAW Graphics Suite 2019 v21.3.0 (x64x86)+Keygen
684736afad9c78d901b5914f017ed1265e8a1f75	12954106514	3	Cherry.2021.SPANiSH.1080p.APTV.WEB-DL.x264-dem3nt3
6b67f95c94a56527f658630f27f5e4ded74d2a1a	14154279	5	DVDFab Player Ultra - v5 0 2 8 Final + SerialaxNode
6b387efd23735b833bdcfdd4efcc86d47dc66454	97077465	121	无套内射熟女，同意让我拍，真骚
6c08971faf0b334a4ecd4ba6db495208fb37ab3a	4441809439	33	anzd00068
6c03cf00456dc9600263da6486cffb5eaa4c7477	14154279	5	Autocad.2007 + Crack
6d5470ad6e47c96dc1317a468aec122ede898ad6	228979090	10	마마무 (MAMAMOO) 미니(EP) 4집
6eda92644235183190b8ecb08b0bfa2e6b720929	72174927	1	Akhiyan Da Nasha Gv Roach Killa HD-.mp4
6ed5235dec388348314ddcfe75069f3c456deb9d	14154279	5	SketchUP Vray 1.49.01
6eab71a02b3b36e56555bbd1e2513575c82a15e2	76708929	3	身材样貌还不错的良家少妇美女约情人家中偷情真大,嘴都涨大了,快干我,太涨了我受不了了
6fa640c31985a929dd894bc16ac22c540ea310ce	204818808	3	名侦探太浪国外探花性感高颜值吊带黄裙妹子啪啪舔奶口交调情抬腿侧入上位骑坐大力猛操
7004d8ee478c78b0e90ce10cc51c35ce048b5f72	694351244	3	[EvilAngel]Mercedes Carrera - All About Ass 2, Scene 2(NEW---08.02.2016)
714fbdfd24217a0d47a91ecb69b0888632467c9b	825495690	1	(同人CG集) [ハムスターの煮込み (もつあき)] 男友達みたいな女友達と当たり前のようにセックスもしまくってるお話.zip
7213cf6d9ff4a9df34e327646df7ecc36ded8bf4	735014912	1	My Boss My Hero 2001 Dvdrip Xvid-Unknown.avi
73551f6a89b7b5baa0bbdcea2ca402c951674b46	124095080	13	黑丝无内桃子当助理 犯“日”转正中国国产麻豆，高颜值，露脸，女神，空姐，秘书，网红，模特，探花，美女，约炮，口爆，范冰冰，口爆，迪丽热巴，黑丝，郑爽，丝袜，主播，直播，china，国产，学生，中文，热门精选
75ca2fe2cb94f2c99bd33b137bc540f09a5c14b1	1838079547	17	10musume-011621_01-FHD
75bbb4e4bccc787a8c0c9ee93b362845f8e915e0	211110264	3	坐标长春路边小旅馆冒充股神和正在学炒股的少妇一边操逼一边聊股票
7782f24abbb9c869dbc8aa98768f5827f637fe88	794233816	2	Snake In The Eagles Shadow II (1979) [720p] [BluRay] [YTS.MX]
784b1a423946940340a3ea985bffdfe1a03a001a	2478967906	1	black.lightning.s04e06.1080p.web.h264-cakes[eztv.re].mkv
79f9c0a805fa4014c907a670c6e5816a99e9754b	1206541313	2	ATKGirlfriends.21.03.16.Paris.White.Virtual.Vacation.XXX.1080p.MP4-WRB[XvX]
79144f48f180986a3116be567266ed52ac4dccaa	14543891	2	Internet Download Manager IDM 6.38 build 9 incl Patch
7905a51089ee9a69742aea5dfeb96b705bdff6b8	1017666867	4	459TEN-012 【元グラビアアイドル】ヤングチャ●●●ンに掲載実績のあるG乳元アイドルの自宅に突撃！
7a8d51d8920e5fd2c2ba3a058eabb945e451bb7c	880909320	55	021217_01-10mu
7c786d4d0aa55e047df5433ba66d3d846c0e551d	3670702767	5	FC2PPV-1728042
7c2abb6a64a63f6ae492eb3c3a8d986a006f7c7f	541447480	14	LAST-001 - 复古颜射和旧颜射电影
7febf28825320a30a3e9c1cdbcae75de79bd2b2c	2569260179	4	The.63rd.Annual.Grammy.Awards.Live.From.the.Red.Carpet.2021.1080p.WEB.h264-BAE[rarbg]
7f7504f28dea32794e310b4fa774c58030c525d4	14154279	5	WindoWs 10 Manager - 3 2 9 0 incl Keygen
80588fe952f16c3b6f8d85a002b08af85ce70abc	1495022925	7	caribbeancompr-061016_587
80ac1748c2e96e76fa5336ff2a77e594d33053ed	2401003445	1	Javbest.NET_SAMA-974.mp4
8190945b2894a713d551fde3b19d6b52908c0857	164794516	1	Big Tits at Work - Cunty Clerks (Tasha Reign).mp4
812aefc0d07d8f3ab55e329ed01cb214139d35b8	377068147	1	Chanel Preston Yard Sale Turned Sex [HQ][720p].mp4
81c6e3a76dd24545803cc9e9f2c0d5f0da3d35cb	14154279	5	NEXUS 2 GUITAR EXPANSION - .NXP FILE
8243aa3c086f2daa0243e553ba23eec25f80078b	381927218	1	[BangBros] - BangBros18 - Alex Mae - Barely Legal Petite Cutie Drilled By The Pool - bbe14387 - [May 29, 2015 - APT].mp4
8390f57b75618fa6023f2399c4f71d43af6b0f6d	14154279	5	Atomix.Virtual.DJ.Pro.v7.4.Cracked-EAT
85bb812be070a2e53ac5841eaaf85632a07c5b2c	14543892	2	Super Mario 3D World + Bowser's Fury (v1.1.0 + Yuzu Emu for PC, MULTi11)
85f0b9e47a9d233148a24449937240b2afb935dd	2786261704	1	파티마의 기적 Fatima.2020.1080p.KOR.FHDRip.H264.AAC-RTM
86fa401563f8f2715d5d57742f1cf772e9441f01	730966719	2	Iron Fist 2012 CAM XviD AC3 - TODE
875252a2a44fdba17cc9dcb922c0a3783c3b6513	14154279	5	MICROSOFT OFFICE 2010 WORD + Crack
877e585472f0e9051cf310cddd6d68e12c90115b	4654563447	4	NSPS-881-C
87bb6909ab67622bd8b4713afe65d606b62872e5	53052351	12	内裤哥学生妹韩小美第二部
8875458b233734218c32e2aefe44a8dc86048484	14154279	5	Untitled Goose Game v1.1.3
880f112e7794d780b467c094890d12031ee064e4	14154279	5	Adobe Photoshop Elements - v2020 1 + Crack
8906d268fa42caecb17d92b9a93789f314cd7ac6	14154279	5	UFS Explorer Professional Recovery - 8 2 0 incl Patch
895a05f9b1ca5166b1c79b0bb09b8e3782f765d1	2780421713	13	ssni00994
89e4788d164928716dcb5c0289fe196f5522c0fa	295674757	1	Julia.Ann.agrezoo.mp4
8a4ec0bc398415af69ae92a53340f3b4ded0d767	6710005248	9	【SEX8.CC】SSNI649
8adf750b1369cf50d3e7e755c5c305875f7aa477	4873052207	1	葫芦小金刚
8c677befbe252dcd637dad92aeffa0b49d963c89	202721656	3	黑丝美女的性爱自拍极品丰臀骑乘无套啪啪直接内射爽翻天
8d4ce632cfcfffe5ec76a84b5d428282f75814ca	166642893	31	2021-03-16有聲小說13
8e9c26701dab80239e1148c0b36b7f7e973ee246	570267664	1	PKPD-049.mp4
8e130dd6cc41bfb7a7d88fcde4997900de70a7e7	127104621	1	老黑爆干美国人妖.rmvb
91f7a8554ce32044e8c9958e465e853969e6b0e7	14154279	5	Symantec Endpoint Protection v14.3.1 (x64)Pre-Cracked
9569fea3a187c6901ac7a20b6640d0e7e5f9b1ca	1933800931	1	TH3317--WWW.91TANHUA.COM--步宾探花今晚约了个高颜值白衣大长腿妹子啪啪，脱掉内裤掰穴特写口交上位骑坐抽插边摸阴蒂.mp4
9591572f3227268738c69b7219176c503e2589f5	1910375773	4	Prodigal Son - Temporada 2 [HDTV 720p][Cap.205][AC3 5.1 Castellano][www.PCTmix.com]
963398b2a092afd150635386dd5884fbfe68f86e	1877128164	78	483SGK-015
975a912b3eabff387c9c2fa63f6cd65b7356498d	645498582	11	2021031409
97eaa87cf808cbd6e324301bd5b8052805dcb9db	2097628284	3	the Naked Island
98c6572946280d19ca14478a95aa7d3f13f54a31	14154279	5	PC Cleaner Platinum v7.2.0.13 + Fix (CracksHash)
987fdcf4317087a4c4260aba7d0c81e9122a71a8	1786073763	2	MIDE-899C
980f4acacac9464766de8caa5ce325b8e8072ce4	1604393878	3	RCT-821
9888e545d7b88ed81d555b3cefea7d7dfa9e9de5	818130497	1	Footsie.Babes.Capri.Cavanni.XXX.CPORN.mpeg
99592b345577446d757e7f27a6686fe51d317914	713409777	3	Bob.Hearts.Abishola.S02E12.720p.WEB.H264-GGEZ[TGx]
9a32a7142e71895ec9b327633f4ac2897253dea9	14154279	5	Might and Magic Heroes VI Complete Edition-PROPHET
9ade80ebe293366aeff0947287ab3cdc0d02f9de	5045802214	26	[PIXEL SOFT&TXAC][勇者大冒险][S1][01-26][GB][720P]
9b88f1773106348a4f719d587954245a24300e35	634388725	21	im520@SIS001@MIDD-997
9c8c45520fe4c5fd3d2398f14fe6b74744c37e60	14543891	2	IDM 6.35 build 2 incl 32bit 64bit Patch - Fake Serial Fixed
9da458176f5e31b46d60a44869eea0a536b8e20a	2173505496	1	Walking.Out.2017.720p.BluRay.x264
9dd692760ec57862e37a9d735817ef8bc60f7f4a	4655078013	5	juc-155-uncensored
9e97f2814a1f634d8d8349d87c3cdd89dcbd5116	2536538964	335	Brea-FTV Girls
9ea90c212ebecf658e7310b52d317ded643b1c23	14154279	5	The LEGO Movie Videogame-FLT
9e0eca3cfa6160fc4d1c00c74867d47f33f3b59b	1883766840	15	6100050
9fd4baaa1267adff00b65bb1af7154510b10df32	803597146	106	112213-484-carib-uum96-mp4
a0797eb7fd6beda67632940d11e4bcfbcd71c641	14154279	5	Topaz DeNoise AI v2.2.9 (x64) + Fix (CracksHash)
a0d0339fa074d59e6825262805c60d793f5b6ef6	1768577668	37	The.Journalist.XXX.2012.HDTV.720p.x264-SHDXXX
a1f322bd8a93c39c928dccef7f72f946b924762e	1493436888	4	The.Daily.Show.2021.03.15.1080p.WEB.H264-JEBAITED[rarbg]
a3e83b268a9647e253cb3916d268da7ac4ca026e	2106615258	1	4378 Nadia North - The Special Package 2017 1080p.mp4
a4d2654f767e8225750a4a144f7922289a6f63c3	5523850610	7	EBOD-806
a4551e47c5d8de52be7d32bb0cfa08f0d68df2f6	234787683	21	COMPLETE BEST ALBUM FRESH
a74a91f5acf14884bdc1916d8d4836576909bbc2	14154279	5	Wave Arts PaCk DX VST RTAS WIN - R2R [deepstatus]
a8fec862fd2324eb408da4ac90d5eeb383568000	8157620655	5	hnd-026-uncensored
a9839bc6a78d5fdc68320a20109b904c0c721cbb	14154279	5	Minecraft 1.14 Cracked [Full, Cracked, Online, Server List]
aa60ca5ae39d500a518a7e8ef69b7adbe342e22c	3510622805	2	Hardbodies.1984.720p.BluRay.x264-KaKa
acf658c82fdb874243835c1e54e49be8557b531b	5724998938	4	MEYD-574-C
ac037072461f544f95f4bae02cd4626895b3b845	1233514312	1	JUY-194
aef158ae20386f860865099ceadbf8799fd18709	903595163	55	021417_01-10mu
aec70bdc636a240bd90138d4d92439b8d3e04738	14154279	5	nfs most wanted modified 2010
af6bed71d6598d4bc312a4d120abea3ade0af354	14154279	5	Final Fantasy VIII Remastered - PLAZA
af0d2565049b86fb350b6fe0398f62e3d29528e9	1944585634	19	最新一本道120812_489 亜佐倉みんと 超級名模系列 亜佐倉みんと
b02d1d1fed7895a4ccc2231d51986a8bd7805d50	1467972855	12	FAX-148-Touch99.com-99p2p
b0b05b1e2efd26fea7cc7f1b4713e51d22e474e8	46135589	1	许博士.mp4
b12fe3cc6c2b9a020319e78b788b8908705b3f4b	1123616445	1	骑士.720p.BD中英双字_clip
b17845b3913fb9a564374a08764fd0a6513e1786	17243334916	6	Flack.s02.HDTV1080p.Rus.Eng.BaibaKo.tv
b23fb66fa28a8f4c462fed29a65be812c55f70fa	788533330	1	pfa-eastenders.2021.03.15.720p[eztv.re].mkv
b34818df8fc813f08ed59d5129fa005353bbc018	12526239145	4	This.Aint.Sanford.And.Son.XXX.iNTERNAL.1080p.WEBRiP.MP4-GUSH[rarbg]
b49a6c9a1f55a5ac7ac6304af3129cdeac1b2e63	198527352	3	美艳少妇型TS赵恩静被生活滋润的很漂亮约炮被狠艹菊花穴淫荡刺激的妖妖
b41895b6d0ef97b033e3a6d7364d83dda8175bf7	572408941	4	Cosmid.21.03.14.Amber.Smith.Ambers.Bikini.Outside.XXX.1080p.MP4-WRB[rarbg]
b50d5359d4961795983df0a1524424788c52bb56	1284941	18	Nude Amature Filipina
b551ec17a207c340e911fe74d18365da38f3c976	258296184	3	包养的极品气质嫩模,坏得一批,你又在录像了嘿嘿,口得你舒服么爸爸
b58834eeb809ba0098ce00f99373e4b353b607f5	166056669	3	居家电脑摄像头被黑强开TP白嫩大胸美女白领脱衣休息主动握住老公J8撸硬被眼镜胖老公翻身啪啪给干了
b75a6c48acdbb95e63d8675e1998075ffa13d56a	1904565673	4	[psk.la]1pondo-031321_001-FHD
b75e60bf2ef6d3187be3e9f962e3d638275aa8a6	2034637170	17	Private - Yiming Curiosity
b8e7b9db839647da1295a202f2ddbd668ad9bb0b	271927672	3	调教双奴两女奴跪地爬行吃奶道具玩逼爆菊花红绳摩擦骚逼滴蜡灌肠打屁股淫声荡语超刺激
b89fa8df79a0acf45174fe02e19e36f6e23d8bd5	1115412863	15	【YMMV】CAPPV-070215_264
b9a960450950c9d1042581c161690df8c88bbad8	2883110236	1	[www.domp4.com]上帝保佑美国.2011.BD1080p.中英双字.mp4
bb5f4107e4a1353228ae9dff6bae185185922b80	431149272	31	boy100@www.SexInSex.net@深圳上班的打工妹等公交车时被专搞美女的老外搭讪套路后带回家啪啪,看表情是受不了大鸡鸡
bc81f298dad95b63820fb6bfa1361769842a2be0	203770232	3	村长微信提前预约按摩店高贵气质极品少妇老板娘穿着瑜伽服玩特给力
bd2d3749fab6991d1cc2b3bb67de1e8b79c10f07	140585524	4	留学生『刘玥』穿着匡威鞋黄球袜扮纯情小女生..坐在老外的大屌上高潮
bd76d8bec2aaeba18ae1646ca8101731002e0c9f	1084783881	3	VNDS-2968 母とはいえ、超エロ下着で無防備に寝ていたら・
bd94a296cdaa051cf4108ae04836fee57fc105d9	1033517913	17	40 Something Mag - Nina Lakes
beebc4d093cde895c8dfceb75e7c11e5cc42d11d	1790009287	2	IPX-630C
be84e4bd9d3ff6c8114dbdfcf9c77964ecfd7341	759836262	4	435MFC-079 【しろうとハメ撮り】3桁cmの超乳&デカ美尻の美形メイドとハメ撮り！※みゅう21歳メイドカフェ勤務
bed137ab0a7f66c1612b08231be95d501c5af9da	2005743001	3	Debris.S01E03.Solar.Winds.1080p.HDTV.x264-aFi[TGx]
bf83afc4907baf3e5f3241596a4e299b4a42d7a1	1836441516	4	[psk.la]pacopacomama-022321_438-FHD
bff1cb4156fcc9acb55570facffe43ada3200ef5	727786402	1	불새 2020.E102.210316.720p-NEXT.mp4
c0177cb526e30c7c68a02fcdf82ad44bcfd72a85	939331886	1	MIAE-256
c1630adcbbb0af30364f212637bbdab73bb0415a	867882584	3	When It Comes Around (2018) [720p] [WEBRip] [YTS.MX]
c2c4feadb952d9c242fdcc07cd401fe075a555fa	4436647505	13	ypts00002a
c3bec34492bcc80b92c54aec8796e149691e900c	8183860089	4	JUFE-153-C
c40921c8112899d27f99ac1dc9304399b4075c5e	5570541266	5	msfh-054
c5657bc2230a3648e2df1667402d116a2de7ef0d	1073844535	6	asiatengoku-0269
c65b9c2b59dcb08e06436b1a62aeb087618583c4	4383080742	1	MIAD-982
c78b0aad12572f83e8ede91061d2f35a82f5b49b	4892559258	4	VENU-915-C
c73e93792a2c5b033a972473585b89bc961d0ace	14154279	5	DirectX 11 - (17.03.12) (x86 x64) - (2012)
c88c4eb3815272ffc76fe4aee5e40d8269ea49a1	421324234	1	PervNana.21.03.16.Sloan.Rider.Comforting.My.Nana.XXX.480p.MP4-XXX
c91616057275c3a6e1563215db85ed83200a0b2c	3554824879	1	WetAndPissy.15.04.01.Lady.Dee.Lady.Pee.XXX.2160p.MP4-KTR
c97ca03477c49d4db9e8f86eb3adaf1d3f5259b8	6387285636	5	sdab-173
ca44f76d390cc579dfd3b207fc4779152d3e5f45	6645817959	4	SDDE-613-C
ca50dac761313fa3d1871f26868b234d15a3dace	1046647109	11	SSIS-003
ccacc47680518728560bce89642c7b11f01ca284	14154279	5	CompuClever Ultra eBook Reader v3.2.3.44
cd9fdca5638d9ba10a2e97a393bbc9377d5c7549	1512169041	13	355OPCYN-125
ce378cc9616ca50e0f385010d6ce1b284d5a3a92	5762992693	4	SSNI-735-C
cf8d712826f60f39e16fc3912609a7d2ed35d92c	14154279	5	Spelunky 2 (+ Windows 7 Fix, MULTi8) [FitGirl Repack]
cf5370de436d1c9db35d124cee1d07be5ccf1038	14154279	5	Steinberg.Cubase.v5.1 - With dongle crack
cf691a943344c432950a1888afc1b648227b18ce	1564465972	12	JUFD-716.若菜奈央.働く女の艶めかしい完全着衣ファック 若菜奈央
d2194656a8276ebe0136bc8f18ff69c4d49aa5c7	1146944205	10	KMHRS-039-C
d32567e27045d5f9db9c53d05f7502dc5758aa3b	537649959	1	时空追捕第08集.mp4
d35e7e3c9b07274b7538f999b71dd8b9d5517460	976540272	55	021117-371-carib
d3a104619811c98753862c97bf0b7738acd16cbd	1467154281	5	OKAD-086_Borzoi
d49924ed7da8da346f40944e3d75d1ea8207c96c	411071057	2	BBCPie.21.03.13.Sawyer.Cassidy.Big.Dick.In.VR.XXX.720p.WEB.x264-GalaXXXy[XvX]
d5e8ff75a741a5b90b913f76b874187970d50d05	14154279	5	Settlers 4 Gold Edition GOG
d635954b9c2ea23e075e75272a02d64a7eb98b8a	834907055	3	Hawk.and.Rev.Vampire.Slayers.2021.720p.WEBRip.800MB.x264-GalaxyRG[TGx]
d7dc5fd7bb1adfa4c43cf45cd390bdedadcbdd88	98901171	1	[UHA-WINGS&YUI-7] [Yami Shibai 8] [10] [x264 1080p][CHS].mp4
d7801123e1a8a64b2024373b4fe9a33029f23fc8	14154279	5	DVD Shrink Version. 3.2.0.15
d86bfdf934e87a2709ff15a2cec270382006f537	124518558	7	[MP4]【FC2PPV 935982】 中出超可爱18岁萝莉娘 后篇
d8831d51c2d967b4d1e33e3a3b58c014c591374f	1548363225	30	WANZ602-C
da77921744fd2f62ce158cecd41e645500d468be	3526013465	3	The.Stay.2021.1080p.WEB-DL.DD2.0.H.264-EVO[TGx]
da9a258cd1bd85f72864c57d93cb77964da522fc	1220353083	1	afi-the.neighborhood.s03e12.1080p[eztv.re].mkv
db756711bb1ec1a15abfa81153fe8c5cf7479e40	54643922	1	[QUC][PB]Sora_Aoi.rar
db4a980d69497764831b6df2cdbd43eba1abb574	523777402	29	徐州95年女孩口爆吞精 酒店身材高挑的大学美女 大学时期干了四年的清纯女友
dbbee585fb8fdc5f6ce50afd67e11ea82dd7a8b6	96289541	952	[ADV] Seduction A Night with Raven [English][www.onlyhgames.com]
dcb09eb4c6c4be39c0327c8c7ddb51b19e03c68f	52719576	3	ABP-6991VS1暴露本性的4做爱ACT.12心心相通做爱谁都没见过的爱音麻里亚
dcc7bc6d0557739a91bafa1a22f1fb17e9ed4aa5	3950129088	17	[怪奇物语][第1季全][英语中字]
dc135f37fdb73b8e67953135765da80f8caf7ac0	14154279	5	Serato DJ Pro - v2 3 6 Build 1350 + Crack
dc6667d026a6663672d28967f376ee9b6dd73eeb	930982438	30	VENU674-C
dd97582ddca33a21c8bdea8df52328f8adfb8760	14154279	5	Acon Digital DeVerberate v1.1.0 VST x86 x64 R3 - CHAOS [deepstat
dd07b6ab7c6eb13386a31b7243faf860a6b36772	835713843	3	Someday.Isles.2020.720p.WEBRip.800MB.x264-GalaxyRG[TGx]
de1d32e80252b183710cd3dd7df92a3dcdaf2336	1568259552	1	238179_3xplanet_10musume_030921_01.mp4
dfd3c5e53bfa966106f8c712b82fc61accb5a82b	14154279	5	Age.of.Empires.Definitive.Edition-CODEX
df58ced6ef6dfd4782f4e15a3c12a6f861baf736	586416159	1	Dinosaur Warlord 3 -Dinosaur Warlord, a 4x LITRPG Series.mp3
e16f52e9ecc5ad54329aac41f275d1c322c961e1	1423966391	7	[20130222][MYfun4U][RED-171]《Red Hot Fetish Collection Vol.105》[dvd-mkv][日語無字幕]
e26b9b1a4a94cf017df6b7af27f4c121b2d54592	6286824603	4	STARS-208-C
e3bfdbb6a9465e61360f050ff619aa98d1170421	14154279	5	Fable.III.Complete.MULTi12-ElAmigos
e3a16f0ec1d78c0d92fa88a842e669ada13ff2de	1175268112	55	SHKD627AVI
e436c69455fc03f62133742131903d834d555e6a	1958270005	1	afi-bull.2016.s05e10.1080p[eztv.re].mkv
e47f18c06253721a033ad511d4033455b605c16e	14154279	5	Web page Maker v3.21 Full.aaaevilacharya
e540f08274fe3c344cc1ae82b71d06da1deeebcb	1941905436	5	SIRO-4405
e6e348be1db818a6d1c6f59acae34eae64e5868e	2474358656	2303	MS_05_2014
e6f5209f031168c4791ad9ec2e059f4789316ba9	288645623	1	BangBrosClips.21.03.16.Evelin.Stone.XXX.480p.MP4-XXX
e7cdfb2ee477602dbd4437b44893f35c9873df07	733756418	3	Tokyo-Hot n0537-AVI
e705e9624048e01264e92203252682c39bac557e	14154279	5	Norton Utilities Premium v17.0.5.701
e8f6820473504a7aa12ea27b5a1b06ac61336b0a	4443016221	5	031621_001-1pon
e855ce00df222c85a77a2c0f78c6b8f00cce4e5a	494539962	15	躺床上一起看A片学以致用 妹子带个耳机玩观音坐莲功夫很不错
e99bc35c3c6be26d4ec35e1eb6456d85081905ee	2471875789	1	The.Dictator.2012.Theatrical.1080p.BluRay.[Org.DDP5.1-Hindi+DDP5.1-English].ESub.HEVC~The.PunisheR.mkv
e9a4b0fc33ecafbef598b6dde69717a57f7a1ef9	1255216369	5	[久久热-9re.co][613]092314-696-carib-vol-21_hq極上泡姫物語 Vol.21
ec1f41aad269a330bc6659ff40c3f46babe7b9b8	1333619913	153	229SCUTE-910
ec4534dd0d70c0521fafa86ee3395718b4fbb0c1	478815608	1	55.zip
ecdaf0bcb3fee28d06df824efa83e809c200b5c4	1527348984	149	GIGL063C
eec5d07f43bdb92135ab61831a3dd8ccf753bb2f	1378939541	9	第一會所新片@SIS001@(ONE_DA_FULL)(ODFB-032)インモラルシテミル？●REC_12_大森玲菜
ee20260f7b1db33534f20cba61e677cf60719862	331129251	1	Bella Rico - Excuse Me, You Dropped Your Huge Dildo 032221.mp4
eef825a81910ccff95bcff56d84040b30454019d	2355047864	4	fc2ppv-1724510
ee4713f402b2b8ba6b9b12b5e4a6fe6d45c454c2	1416722312	3	Sacrilege.2020.HDRip.XviD.AC3-EVO[TGx]
ef8d541d887005d93dca11a48ad549c4c9af9e11	2830712753	15	Tokyo-Hot n1097-HD
efe3719cec0c1e551614be945692797727a1c819	1825975479	1	ClubSeventeen.18.06.19.Gabi.C.And.Latoya.A.Threesome.XXX.INTERNAL.1080p.MP4-KTR[N1C]
f0c47fde22a917c63f4c6191767ea574f3c9dac2	1472257598	27	HD-720pの沃尔玛超市
f153410f06c405ec39fec0708d79cd4ec08adf83	14154279	5	Avira Phantom VPN Pro v2.25.1.30710 Setup + Activator
f301dbcc12cc12ceeb8ffcd05d41918862de313d	10187037118	14	（210316）大平台
f310d2b77502189a051aed89b7cc3d98c8583582	338511879	2	Kimi ga Suki. The Animation - 02
f4b9105487dce60ca002f66f7785a6419ac95f2d	5878708374	4	HOKS-068-C
f5629451ce37802024597bc0820e0f4f721bd988	2744154656	3	All.Rise.S02E10.1080p.WEB.H264-GLHF[TGx]
f66e083bbaddcf22890f686f0201e6622c97531a	1238369330	1	36
f652cb774411d0330b1695663d42d742fcbcf3b5	1137204657	11	SSIS-004
f68dea2f251f24ccfbb77649a7e7989f3f7dc2d7	6396341824	4	SSNI-741-C
f64c82a0849b68e5da9e26238d7e19f1d557a7e2	834760139	3	The.Stay.2021.720p.WEBRip.800MB.x264-GalaxyRG[TGx]
f7590f16a364212ab24f9010fb3739c2e5ed61c8	2195377735	5	heyzo-2480
f8d6edf5599e0cd8e0954cf9a51e10f9948f642e	114494339	3	BadDaddyPOV.21.03.14.Judy.Jolie.Special.Assignment.From.Step.Daddy.XXX.SD.MP4-KLEENEX
f841635c7f78fda700d395b9444769a205b5cf49	14543892	2	Adobe Illustrator 2021 v25.0.1.66 (x64) Pre-Cracked
f9e65b7c866c130b510302d9c813135153704324	5695377443	17	MSFH-054
f9165fa08120e9cbb9dcacac7ab54acafadbc481	14154279	5	AOMEI Partition Assistant - v8 7 Final + Crack + Boot
f9366fdef76611d1f8978baf952d0c54e9177ace	727609713	5	H4610-ki210316
faf2a58b5734a6cfc15cc1acc2f8a6abbda77e5d	3488058798	4	Porn18.E11.Lady.Dee.Mouthful.For.Lady.Dee.XXX.1080p.MP4-KTR[PRiME]
fa43598a5281037f07e2f26e329a3e71b80250cb	3643743743	1	18.zip
fbad9a6e1a780fc340f8abb4961391d8578b6cdd	14543891	2	TeamViewer v15.4 Patched - Portable with ID Changer
fc7e763a03b42bdfd4cf6a1be914579b21c24853	14154279	5	Extra Boy vocal remover VST
fdf58b5a95d3c35599afe94d5be63727c596f17f	645109081	3	Unforgotten.S04E04.720p.HDTV.x264-ORGANiC[TGx]
fdd7ff7ee0743ad74b44771bf26c60bb185610a4	2006612515	4	Resident Alien - Temporada 1 [HDTV 720p][Cap.106][AC3 5.1 Castellano][www.PCTmix.com]
fe99774c0dd2963ce4fbc7460e9efcc5f240f46a	14154279	5	GTA-San Andreas
